team,date,note
TB,2026-09-15,"Bowles nickel-heavy (73% wk1, Scott at nickel) with disguised pressure - A-gap mugs, LBs dropping out. Brackets elite outside WRs and funnels throws to the middle/TE. CB Parrish (back) left wk1; rookie Morrison played 67% outside. WR rank may be softer than it looks until Parrish returns."
HOU,2026-09-15,Run-out-the-clock identity: 4th-slowest game environment in '25 (57.9 opp plays/g) and held BUF to 52 snaps wk1. Elite outside corners ('25 #2 vs WR) but throwable underneath - pass funnel profile. Opposing offenses lose ~1-2 possessions vs a normal game.
BUF,2026-09-15,"New DC ran Cover 6 on 52% of snaps wk1 (split-field: half quarters, half Cover 2) - three deep defenders to erase explosive deep passing. Pairs with league's slowest game environment ('25 #1, 55.9 opp plays/g). Downgrades deep-threat WRs specifically; underneath is the soft spot."
MIA,2026-09-15,"Size-first identity wk1: frequent 3-LB base (Gay 40 snaps) and a deep DL rotation (Sieler/Phillips/Biggers all 40+). Built to stop the run big-on-big - light-box RB value drops, and heavy fronts can leak to quick passes outside."
BAL,2026-09-15,"Roquan Smith played 100% of snaps anchoring the front. Secondary in flux: rookie Wiggins full-time (54 snaps), veteran Awuzie down to 6. WR rank unstable until the CB pecking order settles - re-check after wk3."
PIT,2026-09-15,"Ramsey starts at FS in base but spins into the slot as primary nickel in sub-packages - takes away slot/middle receivers. Consistent with the run-funnel profile: elite vs pass, attackable on the ground."
NYJ,2026-09-15,"Standard high-motor 4-3, no exotic packages - just suffocating: 195 total yards allowed wk1, early league pace for defensive efficiency. Treat early 'tough' ranks as real, not schedule luck."
MIN,2026-09-15,"Flores hyper-aggressive: blitzed Love on 40 of 46 dropbacks (87% per PFF, league-high), amoeba/vision-pressure fronts with stand-up rushers, 32 pressures wk1 (our metric: #1, 33% of dropbacks). Metellus 100% as box/slot hybrid, Harrison Smith limited to 38% - max speed underneath, 3-deep shells behind the blitz. Fantasy read: death for slow-release QBs and deep drops; quick game, screens and RB checkdowns are the counter. Boom/bust spot, not an auto-sit."
MIA,2026-09-15,CB room in flux: rookie Jason Marshall 64 snaps outside vs 26 for Brents (benched after taunting penalty) - outside WRs draw a rookie corner until this settles. Edge thin behind Chop Robinson (only edge 40+). Rookie hybrid LB Kyle Louis lost to knee injury (3 snaps). Lost 27-13 to LV heavy fronts anyway - the run-stuffing identity did not hold up.
DET,2026-09-15,"Split personality wk1: elite four-man front (Hutchinson 75 snaps/2 sacks, McNeill 92% workhorse - pressure without blitzing) but a stressed secondary - zero boundary rotation (Reed and Ya-Sin 99%), Maddox near-exclusive nickel, gave up 410 pass yds incl. Olave 182. Matches our pass-funnel read: attack outside WRs, avoid the run game. Caveat: NO trailed all game, so script inflated the pass volume. Harper passed Clark as preferred deep safety."
PHI,2026-09-15,"Fangio signature: light boxes, split-field two-high safety shells, pressure from a disciplined four-man front (50% pressure rate on Daniels wk1, rookie edge Hunt 7 pressures) - no blitz reliance. Edge discipline caged a mobile QB (Daniels 31 rush yds, 3/15 for 26 under pressure). Mitchell/Woolen lock the boundary; DeJean at nickel lets them morph to dime without subbing. Fantasy read: caps mobile QBs and deep shots; light boxes concede efficient RB runs and underneath volume - our wk1 soft-vs-WR rank is checkdown/script noise, not boundary leakage."
LA,2026-09-15,"CB shortage reshaped everything wk1: only 7 snaps with 3+ corners. Durant and Hodges-Tomlinson played 100% outside; no nickel - three-safety packages instead, with Quentin Lake matching TEs/slot all game (Curl/Lassiter deep). Forbes healthy-scratched on defense. Garrett on a 62% pitch count in his Rams debut (still 4 pressures + sack); Kobie Turner 84% workhorse, Byron Young 78%. Fantasy read: one boundary CB injury from crisis outside; Lake makes them sneaky-tough vs TE; four-man pressure is real. Held SF to 23 in a loss."
BAL,2026-09-15,"Scheme identity confirmed: three-safety Big Dime/Nickel hybrid as the base shell - Hamilton, Starks and Hawkins all logged exactly 54 snaps (Hamilton/Starks in the box, Hawkins deep). Roquan 91.4 PFF ironman. Edge rotation tightly managed: Robinson 44, Hendrickson 40. With rookie Wiggins locked in outside (Awuzie down to 6 snaps), this is a versatile matchup defense - the safety depth makes them tough on TEs and slot receivers; boundary vs a rookie CB remains the test point."
LV,2026-09-15,"Base nickel hybrid with five 100% ironmen: UDFA FS Stukes (breakout - deep third, INT), Chinn, Stokes, and BOTH ILBs Quay Walker + Nakobe Dean. Taron Johnson premium slot (86%). Crosby capped at 82% with Paye/Koonce rotating - still 5 sacks. Big caveat on their tough wk1 ranks: it came vs Malik Willis and a lackluster MIA offense while leading throughout. '25 baseline was 23rd vs RB; the pass rush is the real strength, the run defense is unproven against a competent offense."
IND,2026-09-15,"Anarumo's blitz-heavy plan backfired wk1: 506 yards and 41 points to BAL, gashed downfield and on the ground (Henry hit the second level all day). Sauce Gardner (100%) and Ward outside are the strength; the middle is the wound - rookie MLB CJ Allen out (camp injuries), Davis-Gaither forced to 94%, weakside starter Carlies statless in 42 snaps. Bynum first game on the green dot, communication lapses evident. Fantasy read: avoid boundary WRs vs Sauce; slot/middle receivers, TEs and RBs feast - blitzes leave the short middle open and the LB room can't cover. Fastest game environment in football on top."
NYG,2026-09-15,"New DC Dennard Wilson: physical hybrid front that controlled DAL wk1 (244 yards allowed, 28-20 win). Edge trio is elite - Abdul Carter 90.3 PFF (91% snaps), Burns 84%, Golston productive in relief; 50% pressure rate WITHOUT blitzing. Reader upgraded the run D. Four 100% ironmen (Holland INT, Nubin, Edmunds, rookie Reese). The crack: no-rotation boundary (Newsome/Banks/Phillips) still surrendered downfield scores despite the pressure. Paired with a slow-tempo ball-control offense (only 58 defensive snaps faced) - they shrink games now. '25 soft-vs-WR baseline looks stale; treat them as league-average-plus with a hellacious front."
CLE,2026-09-15,"New DC Rutenberg junked the man-heavy identity (43% man last yr, most in NFL) for zone shells wk1 - and the secondary was lost in translation: blown handoffs, receivers wide open across the middle, Lawrence 18/23 for 245 and 4 TD in a 34-10 rout. Denzel Ward the lone bright spot on his boundary. Pass rush post-Garrett was nonexistent (1 sack, interior push from Mason Graham) and worsens: Jared Verse needs knee surgery, out multiple weeks. Fantasy read: smash spot for QBs/WRs/TEs until the zone communication fixes itself - attack the middle and the non-Ward side. Watch for the Verse OUT flag."
DAL,2026-09-15,"First-time DC Christian Parker: multiple 3-4/4-2-5 hybrid with the 7th-highest blitz rate of wk1 - and the classic blitz tax: flats and seams left naked. NYG went 9/11 on third down (their best since 1978), Likely 2 TDs on checkdowns, 36:40 TOP against. Explains our TE-funnel badge (32nd vs TE). Bland and Thompson 100% ironmen; rookie Caleb Downs 88% as the do-everything hybrid masking the intermediate zone; Von Miller capped at 11 snaps. Fantasy read: TEs, checkdown RBs and slot receivers eat vs the blitz; boundary vs Bland is the tough draw. New-scheme communication still installing - expect volatility either way."
KC,2026-09-15,"Spagnuolo masterclass wk1: complex sub-packages, NASCAR third-down front (Anudike-Uzomah sliding inside next to Chris Jones), Bolton and Tranquill ~100% as the run-defense spine, new boundary pair Delane/Nohl Williams clamped verticals. The soft spot behind our TE-funnel badge is personnel, not scheme: nickel Chamarri Conner missed the opener (knee) with rookie Roland-Wallace covering the slot. If Conner returns, the middle tightens and the TE funnel likely closes - check the back flag before trusting it. Boundary WRs draw a no-fly zone."
DEN,2026-09-15,"Edge crisis: Jonathon Cooper hit the Commissioner Exempt List pregame; the Elliss/Bonitto/Tillman committee lost contain late and the interior buckled - 220 rush yards allowed wk1. That makes our run-funnel badge structural while Cooper is out. Surtain's boundary is why the WR rank reads elite (3rd); nickel McMillian trailed the slot all game. Zach Allen carried the line alone (both sacks, 2 TFL). Vance Joseph standard 2-4-5; Singleton cleaning up everything (15 tackles). Fantasy read: pound RBs at them until Cooper returns; boundary WRs die vs Surtain, slot is the passing-game access point."
NO,2026-09-15,"Staley DB-dense nickel/dime with split-safety shells to erase chunk plays - abandoned base fronts entirely wk1. The cost is the run-funnel badge made real: light boxes + Cam Jordan sidelined (Young/Granderson the whole edge room, 1 sack) + Elliss/Werner ground into dust chasing Gibbs at the second level across 77 snaps; the interior visibly wore down on DET's 70-yard OT winner. Young boundary corner McKinstry thrown to the fire vs Jameson with no rotation help. Fantasy read: RBs feast on the light fronts; deep WRs face the split-safety lid; the boundary corner is testable."
NE,2026-09-15,"Vrabel/Kuhr debut: 13 points allowed, nickel shell 75%+ sliding to dime on 3rd-and-long. Gonzalez locked the boundary (Seattle stuck in a short passing tree for three quarters); Spillane 100% ironman in the middle; real pass rush (Dre'Mont Jones + Jacas sacks). Our wk1 soft-vs-WR rank / WR-funnel badge is misleading - the 4th-quarter yardage came on sudden-change field position after offensive turnovers, not coverage failure. Treat NE as a tough, slow, low-scoring defense. Roster context: a defense this good keeps Maye's games close (rushing floor, low shootout risk) and feeds Rhamondre clock-killing carries."
SF,2026-09-15,"Raheem Morris return: 4-3/nickel that suffocated LA 27-7 (Melbourne opener). Coverage is the wall - nickel Stout 80.4 PFF (1 catch for 3 yds allowed), boundary pair Lenoir/Green 100% and locked verticals, Warner 91.1 with a goal-line stand, Bosa efficient on 36 snaps with real rotation depth behind him. The crack our run-funnel badge sniffed: interior DT depth (Halton/West/Thompson all sub-40 PFF) - run between the tackles at their rotation, not at Warner. Fantasy read: pass-game death, especially outside; ground game vs the second-wave DTs is the only avenue."
ARI,2026-09-15,"Rallis nickel structure over a genuinely deep DL rotation: Nolen eats doubles, Stills/Collier/Lopez wave-attacked LAC's interior run blocks (3.9 ypc allowed), edge discipline caged Herbert (3 sacks, 268 total yds, 2 TO). Garrett Williams near-exclusive slot choking crossers/checkdowns; Budda/Wingard the deep spine; rookie Taylor-Demerson the third-safety dime flex. Slow-tempo offense controlled the game - only 55 defensive snaps faced, a game-shrinker profile. Fantasy read: the run defense is real and rotation-fresh (tough-vs-RB rank trustworthy); the pass-funnel badge is relative - the access point is boundary WRs, not the slot or checkdowns."
LAC,2026-09-15,"New DC O'Leary's 4-2-5 three-safety framework leaked in the middle wk1: McBride owned the seam 9-95-1, Perryman's injury forced Phillips (run thumper, coverage liability) to 55% next to Henley, and Derwin James spent the day patching holes (10 tackles). Edge rush neutralized by quick game (Brissett out in 2.3s); exhausted by 37:31 TOP against. Fantasy read: TEs and seam-runners feast on this defense; quick-release passing beats the rush; opposing ball-control keeps LAC's own offense (and Hampton's carry count) off the field. Perryman's return is the fix to watch."
SEA,2026-09-15,"Macdonald's disguise machine: 'nickel world' (no base fronts), post-snap shape-shifting split-safety shells, layered three-wave stunt rush (Lawrence/Williams then Hall looping). Erased the deep ball wk1 - Maye 3/8 on 10+ air-yard throws with 3 fourth-quarter INTs, all while missing starters Emmanwori and Okada. Julian Love 100% as the deep eraser; Ernest Jones 13 tackles; rookie LB Knight subbed off every third down for dime. Fantasy read: underneath is available early, but vertical WRs and aggressive QBs get baited - the tough ranks are scheme-real, not script. MHJ-type boundary deep threats are the exact profile this defense eats."
CIN,2026-09-15,"Al Golden's revamp is real: 8-man DL wave rotation (19+ snaps each), Dexter Lawrence eating doubles, Mafe/Allen/Jenkins collapsing pockets - 4 sacks, 4 forced fumbles (one returned for TD) vs TB. Brian Cook the new deep eraser in a nickel hybrid; rookies Carter (LB) and Tacario Davis (CB) rotated in cleanly; screen game and Bucky Irving's edges were shut off. Fantasy read: turnover-hungry front creates short fields - a tailwind for Burrow/Chase/Higgins/Gesicki scoring chances - and a defense this competent keeps CIN in positive scripts instead of desperation shootouts."
GB,2026-09-15,"The 39 points are a lie: GB held MIN to 239 total yards and led 22-17 into the 4th - the collapse was three consecutive defensive penalties on one drive, a kickoff-coverage breakdown and offensive turnovers handing over short fields. Gannon nickel with McKinney/Williams 100% capping verticals, Nixon slot INT, rookie LB Edgerrin Cooper a breakout (7 tkl, 2 TFL, sack) with Parsons sidelined. Heavy DL rotation (Van Ness sack). Fantasy read: sturdier than any points-allowed rank will show for weeks - discount opponents facing GB, and when Parsons returns (watch the back flag) they jump a tier. Positive-script insurance for the GB run game when Jacobs is reinstated."
CAR,2026-09-15,"Historic collapse despite a $165M defensive spending spree: 59 points and 552 yards to CHI, including 291 rushing and TWO 100-yard rushers (Swift, Monangai). Evero's 3-4 couldn't handle zone blocking; Phillips (1 sack) failed to set the edge - Swift bounced outside all day; Derrick Brown's two drive-extending penalties compounded it. Horn/Jackson/Moehrig 100% ironmen kept verticals capped but tackled terribly in space. Fantasy read: league's premier RB smash spot until proven otherwise - volume, YAC and edge bounces all available. High-tempo opponents wear them down fast."
CHI,2026-09-15,"Dennis Allen 4-3 with a gutted secondary (Brisker/Byard gone): 486 yards allowed wk1 - 5.7 ypc on the ground AND 361 through the air to Bryce Young. No organic pressure (Sweat doubled, nobody else won); Devin Bush a liability tracking in space; seam chunk plays available; rookie CB Muhammad the lone coverage bright spot. Paired with an explosive offense, CHI games profile as shootouts: everyone facing this defense is upgraded, and CHI's own skill players benefit from the track meet. Until the pass rush shows up, treat both sides of their games as fantasy-friendly."
ATL,2026-09-15,"Ulbrich held PIT to 20: Bates/Watts a 99%-snap brick wall over the deep third (why the WR rank reads tough), 8-man DL wave rotation, and Za'Darius Smith as a 24%-snap third-down assassin (2 sacks, 2 QB hits on 16 snaps). The seam behind our TE-funnel badge: Deablo is the ONLY three-down LB - Daniels (run downs) and rookie Perkins (pass downs) rotate around him, and that patchwork is where intermediate/TE work lives. Depth hits: Hand tore his quad (out for season); A.J. Terrell briefly left wk1. Fantasy read: deep WRs capped, TEs/middle the access point; edge pressure is situational, not four-quarters."
JAX,2026-09-15,"Campanile masterclass: 272 yards allowed, 5 sacks, 44.8% pressure rate vs CLE. Hines-Allen and Travon Walker wrecked the pocket (1.5 sacks each, Walker 7 pressures); Oluokun set the tone with an opening-drive INT. Travis Hunter deployed primarily as a DEFENSIVE weapon - 29 defensive snaps vs 4 on offense, targeted once for 4 yards in lockdown coverage. Ventrell Miller the new workhorse LB (10 tackles). Only 50 defensive snaps faced in the blowout. Fantasy read: legit two-bookend pass rush punishes slow-release QBs; Hunter's boundary shrinks the perimeter; caveat - earned against a broken CLE offense, so verify vs a real one."
WAS,2026-09-15,"Quinn's front-seven is violent: 3 sacks and constant heat on Hurts (No. 7 pick Sonny Styles a blitzing havoc weapon in his debut - 2 TFL + sack; Oweh matched him), Payne/Kinlaw walled Saquon's interior lanes. Boundary locked by Robertson/Douglas (DeVonta erased). The flaw that decided the game: intermediate seam leverage - Goedert 77 yds and 2 TDs. Won TOP 33:20 and faced only 55 snaps. Fantasy read: our pass-funnel badge is really a SEAM/TE funnel - tough on RBs and boundary WRs, bleeding to TEs and crossers. Another entry for the TE-feast map alongside DAL/LAC/CHI/ATL."
TEN,2026-09-15,"Saleh/Bradley debut: signature 4-3 Cover-3 nickel, but no teeth - ZERO sacks or QB hits (Simmons blanked, Landry/Key neutralized) and the front buckled vs the run (Breece Hall's 19-play, 12-minute drive). Ground down by a 38:46 TOP deficit their own offense created. Lone bright spot: rookie LB Anthony Hill Jr., 100% of snaps with 16 tackles and 2 PBUs in place of injured Cedric Gray. Hooker/Diggs kept the deep ball capped. Fantasy read: RBs and methodical offenses feast; QBs get clean pockets; only vertical shots are contested. Their own trailing scripts cap TEN skill players."
CIN,2026-09-22,"Wk2 @HOU: Al Golden max-coverage / four-man rush - blitzed 16.4% of dropbacks, dropped seven, still 41 pressures because Dexter Lawrence's double-teams (HOU held to 60 rush yds) freed Jonathan Allen (1 sk, 3 TFL) and Cedric Johnson (2 sk). Daxton Hill 4 PD / 10 tkl underneath. Design was HOU-specific: Nico Collins inactive, so no vertical threat to punish the soft shell. HOU went 0-4 in the red zone. Fantasy read: the seven-man shell suffocates outside WRs and the run (9th vs RB, 8th vs WR) but the DATA disagrees with 'erased underneath' - Schultz went 14 tgt / 12-140 (24.3 allowed to TE, 27th on the season). The middle is the leak. Wk3 @PIT: expect the same shell vs a slow, press-based PIT offense; PIT's TE is the play, not the WRs."
HOU,2026-09-22,"Wk2 vCIN: DeMeco Ryans press-man at the line to break Burrow's quick rhythm, edge rushers hunting instead of dropping - 5 sacks (Anderson 1 sk 3 TFL, Hunter + Rankins 2 combined), Al-Shaair 12 tkl capping the run at 85 yds. Won the pass-rush battle, lost the game on offense. Snap file shows LB To'oTo'o absent (personnel flag). Fantasy read: the press-man look is the reason HOU is 3rd vs RB but 32nd vs WR (37.4 allowed wk2; a jam that loses becomes a big play, and the 1.5 to TE says the seam is closed by the LB level). Pass funnel confirmed. Wk3 @IND: the IND slot/TE game is what this scheme is built to stop; IND's outside WRs are the beneficiaries if the press loses."
DEN,2026-09-22,"Wk2 vJAX (thin Gemini pass - supplement later): base 3-4 that shifted to light boxes + nickel after a slow start; Surtain erased the outside WRs and the coverage funneled targets to the slot. Rookie edge Jonah Elliss up to 69.5% of snaps with Cooper on the exempt list. JAX held to 3 second-half points. Data agrees: 7.1 allowed to QB, 3.8 to TE, 22.0 to WR (4th vs WR season), but light boxes keep the run funnel structural - 29th vs RB, 16.2 allowed. Pressure 17.1% (8th). Fantasy read for wk3 vLA: Adams lives outside, so this is Surtain's assignment (board already red); Nacua/slot and Corum (light boxes, 12 carries last week) are where the Rams production goes; Rams DST faces a DEN offense the JAX defense held down."
DEN,2026-09-23,"Wk2 vJAX (full): nickel ~75% over the 3-4 front, rush four with selective sim blitzes - Bonitto 3 QB hits, Roach 1 sk 2 hits; pressure 17.1% (8th). Surtain locked the boundary and funneled Lawrence to the slot: Parker Washington 12 tgt 7-98 (verified), Thomas Jr 8 tgt 3-40. Against the run they went LIGHT (6-man boxes) to protect deep: Tuten 13-65-1 at 5.0 ypc (verified). Strnad/Singleton (9 tkl) fine at LB; Elliss 69.5% edge snaps for Cooper. Fantasy read: outside WR1 erased, production funnels to slot, pass-catching RBs and TEs; run funnel structural (29th vs RB). Wk3 vLA: Adams is the outside WR in Surtain's shadow (board red 4/5 - confirmed); Nacua-type slot work and Corum (light boxes) are the Rams plays. DEN scored enough vs JAX that Rams DST is a middling spot, not a smash."
JAX,2026-09-23,"Wk2 @DEN: base 4-3 / heavy nickel, 7-8 in the box to stop the run - Dobbins 10-36 (3.6), Coleman 10-39 but a TD + 3 catches (verified; the 21.5 allowed to RB came through the air and the goal line, not the ground). Pass rush stalled: Hines-Allen + Walker 0 sacks, 1 QB hit after 5 sacks wk1 - week-1 pressure was CLE-specific. Boundary CBs Hunter/Montaric Brown held, slot CB Jourdan Lewis torched by Waddle 10 tgt 8-138 (verified). Fantasy read: pass funnel to slot / quick-separation WRs and pass-catching RBs; ground-and-pound RBs taken away by the box count. Wk3 vNE: Maye upgrade if the rush stays quiet (only 15.2 allowed to QB wk2, so this is a rank-vs-scheme conflict, board 12/16 stands); Rhamondre's value is his receiving work (4 tgt/g), not early-down carries; NE slot targets are the play."
BUF,2026-09-23,"Wk2 vDET: Joe Brady nickel ~80%, rush four with interior stunts - Rousseau 2 sk 4 hits, rookie DT Deone Walker 3 PD 3 hits; pressure 20.2% (4th). Benford/Hairston shut the boundary deep game and forced Goff underneath: Jameson Williams 4 tgt 2-33 (verified - his dip was this matchup, not a role change). To carry wk1 injuries Bernard (calf) / Bishop / Gardner-Johnson played 100%, which meant light 6-man boxes: Gibbs 16-52 on the ground but 8 tgt 6-61-1 through the air; St. Brown 13 tgt 9-142-2 with no safety help in the middle (verified). Fantasy read: boundary WR1s erased; slot WRs, TEs and pass-catching RBs feast; run funnel is real (28th vs RB) but the yards come in space, not between the tackles. Wk3 vLAC: Hampton stays green (28/25) - light boxes help, though he is a 1-tgt/g runner so the pass-catching leak is not his; LAC slot/TE work is the smash."
DET,2026-09-23,"Wk2 @BUF: Aaron Glenn mixed base 4-3 and tight nickel (~65/35) to stop the run, straight four-man rush built around Hutchinson (1 sk 2 hits, Barnes 1 sk) - nobody else got home, pressure 15.7% (16th). Injuries forced McNeill into a huge workload and Tyler Lacy to 49%; with no complementary rush, CBs D.J. Reed / Ya-Sin were stranded on long-developing routes and S Thomas Harper lost the seam: Kincaid 8 tgt 7-95-1 (verified), Allen 3 pass TD + 14-69-2 rushing (verified). The 7-8 man boxes held early but Cook still went 21-135-1 once the rush tired (verified). Opponents run 77.5 plays/g vs DET (32nd - slowest defense environment) and it is 32nd vs QB and 32nd vs TE. Fantasy read: TEs, slot WRs and mobile QBs feast; early-down RBs are stiffer until the fourth quarter; pass-catching backs still work. Wk3 vNYJ: Jets TE / slot / QB rushing are the plays; NYJ boundary vertical options are not."
MIA,2026-09-23,"Wk2 @SF: Hafley went base 4-3 on 70%+ of snaps (not his usual nickel), rushed four and dropped seven with deep safety blankets; rotational edge (Uche/Herring/Ferrell) with Chop Robinson out - pressure 6.8% (32nd, worst in the league). JuJu Brents held the boundary: Evans 3-54 (verified). 7-man boxes held McCaffrey to 10-23 on the ground BUT he scored twice and caught 4-43 (verified) - MIA is 31st vs RB (34.3 allowed) because backs score and catch, so the 'clamps runs' read is wrong on the scoreboard. Seams wide open: Kittle 4-80-1 on Brooks/Gay, Purdy 287-2, five straight TD drives. Fantasy read: funnel to TEs, slot/intermediate operators and pass-catching RBs; outside vertical WR1s capped; no pass rush. Wk3 vKC: Rice is exactly the underneath/slot operator this profile feeds - the 6th-vs-WR rank is Brents on the boundary, not the slot; Kelce upgrade; KC RBs score here."
SF,2026-09-23,"Wk2 vMIA: Raheem Morris base 4-3 / light nickel, four-man pressure with disguised secondary blitzes - Bosa 5 pressures, Stout 0.5 sk, S Sigle 1 sk; pressure 20.3% (3rd). CB Renardo Green locked the boundary (top PFF grade); Greenlaw 41 snaps next to Warner (5 tkl, FF, 0.5 sk). 6-man light boxes respected MIA speed, so Achane ran 20-74 (verified) but the pass game died: Willis 197 yds 1 TD, 4 sacks (verified). 1st vs TE, 4th vs QB, 7th vs WR on the season; 19th vs RB. Fantasy read: perimeter WRs and immobile pocket passers are shut down; dual-threat QBs and pass-catching RBs get checkdown/scramble utility; TEs get nothing. Wk3 vARI: MHJ is a perimeter X against Green + the 3rd-best pressure rate - bench confirmed (board 8.1, 7/20); ARI's pass-catching back is the only ARI play."
PIT,2026-09-23,"Wk2 @NE: Patrick Graham base 3-4 / nickel ~55/45, organic four-man rush - Watt + Highsmith on the edge, Herbig as the fresh-legs rusher; pressure 19.3% (5th). Joey Porter Jr back from a minor back injury hardened the boundary vs wk1; S Brisker choked intermediate crossers and TE seams (Henry 5 tgt 3-40). 7-8 man boxes: Rhamondre 6-43 with a lost fumble (verified) - BUT Henderson went 16-76-1 (verified), so 'strangled the run' is half true; 26th vs RB. Perimeter chunk plays did land: Doubs 4-96. 1st vs QB, 2nd vs WR, 5th vs TE on the season. Fantasy read: run funnel by rank, but the boxes punish plodders - the leak is explosive backs and underneath slot targets; outside WR1s are erased with Porter healthy. Wk3 vCIN: Higgins is the outside WR - hard spot (cur 2 vs '25 25 = conflict on the board, but the scheme note leans hard); Chase Brown and the CIN slot are the plays."
NE,2026-09-23,"Wk2 vPIT: Vrabel heavy nickel 75%+, pressure by design (Elliss timing interior gaps) rather than a standard four-man rush; 16.9% pressure (10th). CB Christian Gonzalez shadowed the WR1: Metcalf 9 tgt 4-27 (verified). 6-man light boxes with Barmore forcing runs lateral: Warren 11-43, Dowdle 7-22 (verified); PIT reduced to checkdowns - Rodgers 187-0-1, Ponder strip-sack scoop-and-score. Seam closed too: Freiermuth 5 tgt 4-32. 2nd vs QB, 4th vs TE, 11th vs WR, 10th vs RB; personnel flag: CB Carlton Davis out. Fantasy read: perimeter alphas capped by Gonzalez; production goes to checkdown RBs and high-volume slot specialists; light boxes favor pass-catching backs. Wk3 @JAX: Thomas Jr (JAX outside) capped, Parker Washington in the slot is the JAX play; note the NE OFFENSE side is the Maye/Rhamondre question and is covered in the JAX note."
IND,2026-09-23,"Wk2 vKC: Gus Bradley 4-3 under, cover-3 nickel ~70%, rush four (15 pressures; Buckner 80% snaps, 1 sk; Key 66%) - pressure 8.3% (29th). Sauce Gardner 95% locked the boundary, but the slot and middle were open all night: Mahomes 382-3, Kelce 11 tgt 9-101-1, Rice 6 tgt 4-83, Thornton 4-86 (verified); S Bynum 100% with communication breakdowns. Run: 6/7-man boxes lost gap integrity - Walker 24-117 (4.9) plus 10 tgt 6-61 (verified); S Haulcy 4 missed tackles. 30th vs QB, 30th vs RB, 31st vs WR, 28th vs TE; opponents run 71 plays/g (31st). Fantasy read: funnel to slot WRs, TEs over the middle and volume RBs; only true boundary WR1s are taken away (Gardner). Wk3 vHOU: Schultz is the exact Kelce role vs this defense - green confirmed and then some; Collins out means HOU has no boundary WR1 for Gardner to erase, so the middle gets everything."
KC,2026-09-23,"Wk2 @IND: Spagnuolo sub packages 75%+, exotic disguised pressure with S Jaden Hicks and CB Nohl Williams moving pre-snap (100% snaps); CB Kristian Fulton 80%, 1 INT, 2 PI flags for 49 yds. Jones 210-1 with a 30.6 rating on targets in coverage. BUT 'stacked 7-man boxes shut down the run' is wrong: Jonathan Taylor 24-92-2 plus 4-40 (verified) - KC allowed 27.1 to RB, 18th vs RB. Seam bracketed: Warren 7 tgt 6-21-1 (verified). Slot/deep play-action leaked: Downs 9 tgt 7-72, Treadwell 3-61. Conner (nickel) still out. 3rd vs QB, 3rd vs WR, 25th vs TE (TE number is the '25 hangover; wk2 was tight). Fantasy read: boundary WR1s and pocket QBs suppressed; blitz-heavy design gives pass-catching RBs and slot receivers one-on-ones; volume RBs run on them. Wk3 @MIA: Achane is the play against this (pass-catching back, light box); MIA has no boundary WR1 to lose."
NYJ,2026-09-23,"Wk2 vGB: nickel 78%+, four-man rush gets home - DE David Bailey 1 sk, DT Jowon Briggs 1 sk + FF; GB 1-of-9 on third down, Love 145-2 (verified). Boundary CBs Stephens / Azareye'h Thomas locked the perimeter: Watson needed 11 tgt for 4-41-1, Golden 6 tgt 4-58 (verified) on late DPI/OT lapses. Fitzpatrick (groin) out; Belton + Cisco held the deep thirds. 6-man light boxes still choked the run: GB committee 63 rush yds (Lloyd 6-20, K. Johnson 8-32, Brooks 4-11, verified). 6th vs QB, 2nd vs RB, 10th vs WR, 3rd vs TE; opponents run 49.5 plays/g - slowest environment in the league. Fantasy read: boundary vertical WRs and early-down RBs bottlenecked; slot operators and pass-catching backs get the checkdowns. Wk3 @DET: Jameson is a boundary vertical WR into this for a second straight week (BUF too); St. Brown / LaPorta / Gibbs-receiving are the DET plays, and the play count caps everyone."
GB,2026-09-23,"Wk2 @NYJ: Hafley tight nickel / base 4-3 ~65/35, four-man rush creating chaos - Van Ness 10 tkl 3 TFL 1.5 sk, LB Edgerrin Cooper 8 tkl 3 TFL 1 sk (breakout), CB Cisse 0.5 sk; pressure 15.7% (15th) but TFL-heavy. Nixon in the slot, Cisse/Valentine on the boundary; S Evan Williams 10 tkl 2 PD next to McKinney - big step from the MIN loss in wk1. 6/7-man boxes erased Hall inside: 16-29 (1.8 ypc) but 5-63 receiving (verified). Air was open in the intermediate zone: Mitchell 12 tgt 6-63, Wilson 7 tgt 5-57-1 down the seam, I. Williams 6-6-34 (verified); Geno 247-1. 16th vs QB, 22nd vs RB, 20th vs WR, 18th vs TE. Fantasy read: between-the-tackles RBs wiped out; slot / quick-release target hogs and seam throws get the production; pass-catching backs keep their floor. Wk3 vATL: London and the ATL slot/TE are the plays; Bijan's value there is his receiving work. Parsons still out (personnel flag)."
ARI,2026-09-23,"Wk2 vSEA: Rallis 3-4 base / tight nickel ~60/40, heavy personnel early, rush four with Budda Baker safety blitzes (11 tkl, 1 sk); edge rotation Browning / Zaven Collins (FF + recovery) wore out by the second half. Boundary CBs rookie Denzel Burke and Max Melton exposed vertically; CB Garrett Williams out. 7-8 man boxes held SEA to 43 rush yds in the first half, then Emanuel Wilson hammered the tired front for 92 (21-92 total, verified). Lock 235-3, JSN 11 tgt 9-155-3 out of the slot on ILBs Gibbens / Mack Wilson (verified). 18th vs QB, 5th vs RB, 27th vs WR, 19th vs TE; pressure 11.8% (26th). Fantasy read: massive funnel to slot WRs and boundary vertical shots once the front tires; between-the-tackles RBs are capped early. Wk3 @SF: Evans is a boundary WR against Burke/Melton with 28.0 implied - upgrade (board 10.0, +14%); SF backs get the late-game yards."
SEA,2026-09-23,"Wk2 @ARI: Macdonald disguised heavy nickel 75%+, four-man rush displacing the pocket - Leonard Williams 6 tkl 2 TFL 1 sk, Reed 1 sk; S Julian Love 2 PBU + INT erased the intermediate; Witherspoon (8 tkl) / Jobe on the boundary. Emmanwori cleared and back (personnel flag clears). 6-man light boxes, line held leverage: ARI 151 total yds, 81 net passing, stopped twice inside the 4; Brissett 95-1 (verified). Only crack was McBride 10 tgt 8-41-1 underneath (verified). 5th vs QB, 7th vs RB, 1st vs WR, 23rd vs TE; pressure 16.7% (11th). Fantasy read: elite shutdown of perimeter WRs and pocket passers; RBs stifled; the ONLY leak is underneath TE volume and mobile-QB scrambles. Wk3 @WAS: Mariota's scramble volume and Ertz-type underneath TE work are the WAS plays; Terry/boundary WRs fade hard; SEA DST is a streaming target here."
LV,2026-09-23,"Wk2 @LAC: Robbie Leonard heavy nickel ~78%, rush four on 92% of dropbacks, blitz 7.4% - 50% pressure rate anyway: Crosby draws doubles, Koonce 1.5 sk, Nakobe Dean 10 tkl 2 hits 0.5 sk; our sacks+hits metric 24.3% (2nd). CB Darien Porter out (foot) - rookies Hezekiah Masses (2 INT, 2 PD) and Jermod McCoy with Stokes on the boundary: Johnston 1-7 on 5 tgt, Herbert 192-1 with 3 turnovers (verified). The cost: 6-man light boxes (down from wk1 heavy) - Hampton 23-94-1 + 2-21, LAC RBs 118 rush yds (verified). 9th vs QB, 13th vs RB, 5th vs WR, 13th vs TE; '25 was 23rd vs RB. Fantasy read: chokehold on perimeter WRs and pocket QBs; light boxes funnel production to early-down RBs. Wk3 vNO: Kamara's environment is good (light boxes, 23.8 implied) - but he shares with Etienne (9 car + 6 tgt vs 8 + 2), so the funnel is split two ways; Olave/Shaheed-type boundary WRs fade."
LAC,2026-09-23,"Wk2 vLV: new DC Chris O'Leary base 4-3 / tight nickel ~60/40, four-man front - Mack 1 sk 2 hits, Mesidor 0.5 sk 2 hits, 3 team sacks; pressure 18.7% (6th). CB Donte Jackson PFF player of the week (91.2 coverage, FF), rookie CB Cam Hart INT + 2 PBU on the boundary; Molden (nickel) out - personnel flag. 7-8 man 'run wall' (Harbaugh's phrase): Jeanty 21-48 (2.3 ypc), LV 57 rush yds (verified). Price of the box count: intermediate slot and seams open - Cousins 253-3, Tre Tucker 7 tgt 5-119-1 from the slot, Cody White 2 TD (verified). 21st vs QB, 11th vs RB, 25th vs WR, 24th vs TE; '25 was 8th vs WR. Fantasy read: run funnel by scheme, not by rank - early-down RBs die inside, slot WRs / quick separators / mobile QBs feast. Wk3 @BUF: Cook downgrade on the ground (receiving still fine); Shakir in the slot and Kincaid are the BUF plays; Allen's legs vs the zone voids."
ATL,2026-09-23,"Wk2 vCAR (34-3 loss): Ulbrich nickel ~75%, four-man rush with no push - 2 team sacks split four ways (Dexter, Za'Darius Smith, Ebukam, C. Thomas 0.5 each); pressure 13.8% (21st). Terrell 'secured his boundary' per the scouting read, but McMillan (the boundary X) went 10 tgt 5-101 (verified), so that claim is half true at best. Underneath voids were the real problem: Coker 9 tgt 8-66 from the slot, Waller 3-33-2 on LBs Deablo / Perkins (verified); Young 287-3. 6/7-man boxes: Hubbard 12-53 (4.4). 19th vs QB, 6th vs RB, 14th vs WR, 29th vs TE. Fantasy read: underneath funnel to slot WRs and TEs, no edge rush to shorten drives; RBs are capped by rank. Wk3 @GB: Kraft and Golden-in-the-slot are the GB plays; the Jacobs-less committee gets nothing here; Love upgrade vs the soft zone."
CAR,2026-09-23,"Wk2 @ATL (34-3 win): Evero tight nickel / base 3-4 ~60/40, selective front-seven pressure - LB Devin Lloyd 9 tkl 2 TFL 1 sk 2 INT, Phillips 1 sk 2 hits, Okereke 9 tkl INT, rookie S Wheatley (FF, 5 tkl) in after wk1 busts; 5 turnovers forced vs Rush 86 yds / Strand 59 yds (verified). Horn locked the boundary: London 5 tgt 4-51. 7-8 man boxes: Bijan 16-72 (4.5 ypc - 'completely choked out' overstates it; the choke was the QB play), B. Robinson 11-51 (verified). Season ranks still carry wk1: 23rd vs QB, 32nd vs RB, 12th vs WR, 9th vs TE - one dominant game vs backup QBs, conflict unresolved. Pressure 11.1% (28th). Fantasy read: boundary WRs and pocket QBs suppressed when the pressure design works; early-down RBs capped by the box count; TEs can leak into the seam. Wk3 @CLE: Browns TE / underneath crossers are the play; CLE RBs fade unless the wk1 version shows up."
WAS,2026-09-23,"Wk2 @DAL (37-20 loss): Daronte Jones base 4-3 / nickel ~60/40, blitz rate dialed way back from wk1 - rush four on nearly every dropback, zero persistent pressure (15.5%, 17th): Dak 26/31 279-4 (verified). Middle-of-field busts between rookie nickel Sainristil and the safeties: Lamb 9 tgt 8-153-2, Ferguson 4-4-43 with 2 red-zone TDs on manipulated LBs (verified). 6/7-man boxes DID hold the run: Javonte 12-30 (verified) - WAS is 1st vs RB (7.5 allowed) while 31st vs QB, 24th vs WR, 31st vs TE. Opponents run only 53.5 plays/g (2nd slowest environment). Fantasy read: the league's cleanest PASS funnel - alpha WR1s, slot operators and TEs feast against a passive rush and confused coverage; RBs get nothing on the ground. Wk3 vSEA: JSN, Lock and the SEA TE are the plays; Emanuel Wilson / Price fade hard on the ground (the $18 winner bought a bad week)."
DAL,2026-09-23,"Wk2 vWAS (37-20 win): Zimmer nickel / sub-dime 75%+ to contain Daniels' legs; Daniels dislocated his elbow before halftime (7-69 rushing to that point, verified) and Mariota 11/16 111-1 finished. Boundary held (McLaurin 9 tgt 2-50) but the secondary bled bodies: Durant, Overshown (LB, personnel flag), Hooker and Locke all out/hurt - backup S Bell targeted at once, Diggs 6 tgt 5-47-2 (verified). Light 6-man boxes to respect the deep pass: WAS ran for ~179 as a team (JCM 12-43, White 7-43 + 6-6-40, Allen 5-24, Daniels 69); DAL allows 173.5 rush yds/g, 3rd worst. 28th vs QB, 23rd vs RB, 15th vs WR, 26th vs TE; opponents run 67.5 plays/g (27th). Fantasy read: run funnel to RBs and rushing QBs; middle of the field soft with the safety/LB depth gone. Wk3 vBAL: Henry and Lamar's legs are smash plays; Andrews/Likely over the middle; boundary Bateman is the one fade."
CLE,2026-09-23,"Wk2 @TB (win): Schwartz base 4-3 / tight nickel ~60/40, blitz designs reined in after the penalty-strewn wk1 loss - organic four-man rush with Garrett OUT still got 3 sacks (DT Mason Graham 1 sk 2 hits, Delpit 1 sk, Hickman 1 sk); pressure 11.8% (27th). Ward / Tyson Campbell locked the deep perimeter, rookie CB Myles Harden 2 PD + INT: Mayfield 21/34 182-1 (verified). 6/7-man boxes with LB Schwesinger 10 tkl, Q. Williams 6 - bent in the 3rd quarter: Irving 17-89 + 4 rec, Godwin 3-46 down the seam, Otton 6 tgt 5-38 (verified). 22nd vs QB, 12th vs RB, 28th vs WR, 14th vs TE - the WR rank is the JAX blowout. Fantasy read: press boundary coverage + deep help suppresses WR1s and pocket QBs; early-down RBs and slot/TE chain-movers get the yards. Wk3 vCAR: Hubbard and Coker in the slot are the plays; McMillan on the boundary fades vs Ward."
TB,2026-09-23,"Wk2 vCLE (loss): Bowles hybrid nickel / sub-dime 75%+, 5-6 man pressures from disguise - 3 sacks (A'Shawn Robinson 1, David Walker 1), Winfield a QB hit; pressure 13.5% (22nd). Rookie CB Benjamin Morrison + McCollum on the outside held up OK, but the slot and intermediate went: Watson 24/30 238-2 (121.9 rating), Boston 7 tgt 5-95-1 on the boundary, Fannin 6 tgt 5-54 beating the LB brackets, Concepcion 6-6-28 (verified). 7-man interior boxes erased the run: Judkins 12-21 (1.7 ypc, verified) but 5-5-27 receiving. Rookie LB Josiah Trotter 13 tkl next to Anzalone 8. 17th vs QB, 15th vs RB, 9th vs WR, 30th vs TE. Fantasy read: between-the-tackles RBs die here; the blitz vacates the intermediate - TEs (30th), slot WRs and one-on-one vertical boundary shots pay. Wk3 vMIN: T.J. Hockenson / Jefferson in the slot are the plays; Jordan Mason on the ground fades."
BAL,2026-09-23,"Wk2 vNO (blew a lead, 15-0 4th-qtr comeback): Minter nickel ~73% over the 3-4 shell, four-man rush with simulated pressures - 3 sacks (Hendrickson, Tavius Robinson, Mike Green 1 each) but no steady second-half pressure; 16.9% (9th). Shough 27/34 252-1 + a rushing TD (107.4 rating, verified). Humphrey / Wiggins fine on the boundary; intermediate zone busts: Olave 10 tgt 8-86-1, Vele 7 tgt 5-64, Juwan Johnson 4-4-66 down the seam (verified). 6/7-man boxes with Roquan 8 tkl and Hamilton 13 tkl erased the run: Kamara 9-15 (1.6), Etienne 8-25 (verified) - Kamara's 4.7 came in THIS matchup. 15th vs QB, 16th vs RB, 16th vs WR, 17th vs TE; DBs 5.3/snap (most sub-package in the league). Fantasy read: run funnel by scheme - early-down RBs die inside; slot WRs, seam TEs and patient pocket QBs eat the intermediate. Wk3 @DAL: Lamb/Ferguson-type slot and TE plays; Javonte fades."
NO,2026-09-23,"Wk2 @BAL (win): Kellen Moore base 4-3 / heavy nickel ~65/35, line-driven pressure instead of blitzing - Chase Young 7 pressures 1.5 sk, Shepherd 0.5, LB Pete Werner 11 tkl 1 sk; 16.2% (13th). Emerson / Kool-Aid McKinstry on the boundary forced Lamar into tight windows: 21/31 235-1 + 4-34 rushing, S Julian Blackmon's late INT won it (verified). 7-8 man boxes vs the Ravens run game: Henry 16-68-1 (verified) - grinding, no explosives. The box count opened the deep/intermediate: Bateman 9 tgt 7-88-1, Andrews 7 tgt 6-49 (verified). 14th vs QB, 27th vs RB, 21st vs WR, 10th vs TE - the RB rank is wk1 (Miller/Etienne era vs a different offense), so rank-vs-scheme conflict. Fantasy read: boundary WR1s bottlenecked, explosive runs taken away; seam TEs, slot chains and mobile QBs get the soft spots. Wk3 vLV: Mayer / Tucker in the slot are the LV plays; Jeanty runs into an 8-man box again."
CHI,2026-09-23,"Wk2 vMIN (9-3 loss, rain): Dennis Allen base 4-3 / nickel ~60/40, four-man front (rookie edge Booker, DT van den Berg), no blitz reliance; pressure 12.7% (23rd). Coverage held the boundary: Wentz 11/20 143-0, Jefferson 6 tgt 3-55, Addison 5 tgt 2-21 (verified); S Cam Lewis 41 snaps next to Woods. BUT 'completely neutralized Aaron Jones' is FALSE - Jones went 23-105 (verified) against the 7-8 man boxes; MIN just never scored a TD. Hockenson 4 tgt 3-29 on play-action over the seam. DT Street 29 rotational snaps. 24th vs QB, 24th vs RB, 13th vs WR, 12th vs TE. Fantasy read: perimeter WRs and pocket QBs suppressed; RBs get volume and yards (not the shutdown the paste claims); TEs/slot get the seam. Wk3 vPHI: Saquon is the play, Hurts' legs too; A.J. Brown on the boundary is the fade; Dallas Goedert over the seam."
MIN,2026-09-23,"Wk2 @CHI (9-3 win): Flores tight nickel / amoeba sub 75%+, 5-6 man pressures from disguise - 4 sacks, Dallas Turner 4 QB hits 2 sk (walk-off), Cashman 10 tkl 1 sk; pressure 28.9% (1st in the league). Byron Murphy INT off Williams; Williams 15/26 138-0 + 5-42 rushing before leaving with the hamstring, Bagent 5/9 54 (verified). 6-man light boxes: Swift 16-45 + 5-5-54, Monangai 10-47 (verified) - checkdown volume was the only offense. Loveland 3 tgt 1-3 (verified, third straight blank). 13th vs QB, 4th vs RB, 23rd vs WR, 11th vs TE; opponents run 68.5 plays/g (30th). Fantasy read: pocket QBs and vertical WRs get buried by the blitz; pass-catching RBs and quick slot targets get the checkdowns. Wk3 @TB: Mayfield is a fade, Irving's receiving work and Otton are the plays, Godwin in the slot over Egbuka outside."
PHI,2026-09-23,"Wk2 @TEN (win): heavy nickel / sub-dime 75%+, four-man organic rush - Carter 1 sk 1 hit, Nolan Smith 1 sk 2 TFL, Jalyx Hunt rising; pressure 7.6% (30th on the season, so the sacks were not a pressure profile). Rookie CB Quinyon Mitchell 6 tkl anchoring the boundary; Ward 13/20 183-0 but 2 rushing TDs at the goal line (verified). 6-man light boxes to keep DBs deep: Pollard 14-64, Spears 7-41 (5.8) + 2-29, Ayomanor 3 tgt 2-69 deep (verified). LB Jihaad Campbell 10 tkl + FF held the second level. 20th vs QB, 17th vs RB, 18th vs WR, 2nd vs TE. Fantasy read: underneath funnel to RBs (ground and checkdown) and slot targets; vertical boundary WRs capped; TEs get nothing (2nd). Wk3 @CHI: Swift's receiving work and Burden in the slot are the Bears plays; Loveland stays a fade; Odunze on the boundary too."
TEN,2026-09-23,"Wk2 vPHI (loss): Saleh base 3-4 / tight nickel ~60/40, front-four disruption - 3 sacks, Simmons 6 tkl 3 hits 1 sk, Martin + Franklin-Myers closing; Hurts 2 INT (Amani Hooker, Marcus Harris); pressure 12.7% (24th). 7-8 man boxes: PHI 89 net rush yds, Bigsby 13-33-1, Shipley 7-24 (verified) - but 'held Saquon to 4-9' is the stinger that took him out, not the scheme. The box count left the boundary isolated: DeVonta Smith 13 tgt 10-117-1, Wicks 6 tgt 5-74, Cooper 26-yd game-winner; Hurts 26/37 264-2 (verified). 8th vs QB, 20th vs RB, 26th vs WR, 7th vs TE; CB Cordale Flott out (personnel flag); opponents run 67.5 plays/g (28th). Fantasy read: run bottleneck by box count; boundary WRs get single coverage and volume; TEs closed. Wk3 @NYG: Nabers is the play even with Winston; Skattebo runs into the wall; Giants TE fades."
LA,2026-09-23,"Wk2 vNYG (28-6 win, MNF): Shula base 4-3 / hybrid nickel ~65/35, rush four - Aaron Donald back in the interior next to Kobie Turner, Byron Young 1 sk 3 hits, Wesley Bailey 1 sk; Garrett and S Kinchens out (snap flags). Pressure 13.9% (20th) but Winston 11/27 111-0 + INT (verified). McDuffie shadowed Nabers: 4 tgt 1-1 (verified). 7-8 man boxes after the wk1 rushing-success debacle: Skattebo 12-36, Najee 4-6 (verified); Landman 7 tkl, Lake 7 tkl + FF. The leak is the middle checkdown: Likely 10 tgt 5-33, Skattebo 4-4-19. 7th vs QB, 8th vs RB, 19th vs WR, 6th vs TE. Fantasy read: boundary WR1s and early-down RBs shut down; TE/RB checkdown volume over the middle is where the yards go. Wk3 @DEN (Rams DST): DEN's offense is Waddle-in-the-slot + Sutton; with McDuffie on one side and light-box concerns gone, Rams DST is a middling-to-good play at 21.5 implied against - keep starting it."
NYG,2026-09-23,"Wk2 @LA (6-28 loss): Dennard Wilson tight nickel ~75% with Adebo (IR) and Banks (calf, snap flag) out - Colton Hood forced into a boundary role; 5-man disguised pressures but the rush stalled: Stafford touched once, 22/31 327-4 (verified); pressure 6.8% (31st). 6-man light boxes to protect the thin secondary: Kyren 12-85, Corum 12-79 (6.5 ypc) - 164 rush yds (verified); Edmunds 5 tkl 1 PD, Reese 7 tkl. No safety help in the middle: Adams 10 tgt 8-195-2, T. Ferguson 9 tgt 6-54-1 (verified). 25th vs QB, 25th vs RB, 22nd vs WR, 21st vs TE; opponents run only 56 plays/g (8th slowest) because the Giants' offense keeps the ball. Fantasy read: funnel to boundary WR1s, zone-scheme RBs and any QB; slot volume is the only thing they cap. Wk3 vTEN: Ayomanor / Tate on the boundary and Pollard are the plays; Ward gets a clean pocket."
GB,2026-09-29,"Wk3 auto (Gemini gemini-3.8-flash, box-checked): Green Bay used nickel ~70%, two-high pre-snap, and light boxes >65%. Pass rush: four rushers ~78%, blitz <18%, pressure <16%, 0 sacks. Perimeter corners played off-man/quarters. Bijan Robinson had 29-194-2 rushing and 2-19 receiving; Brian Robinson had 10-50-1 rushing. Drake London caught 9 of 10 targets for 194 yards. Jahan Dotson caught 1 of 3 targets for 11 yards. Fantasy read: Green Bay funnels production to lead running backs and boundary receivers while locking down underneath slots and tight ends. Wk4 @TB: Fire up Tampa Bay's running backs and Mike Evans while tempering expectations for interior targets."
ATL,2026-09-29,"Wk3 auto (Gemini gemini-3.8-flash, box-checked): Atlanta used base 3-4 and heavy sets early before shifting to nickel and dime as Jordan Love dropped back 53 times, rushing four with occasional five-man zone blitzes for a 34% pressure rate while A.J. Terrell locked down the boundary. Atlanta stuffed Green Bay's rushers for 17 total yards on 8 carries. Love completed 28 of 53 passes for 312 yards, 2 touchdowns, and 1 interception. Matthew Golden went 5-100-1 on 12 targets, Christian Watson went 7-96-1 on 10 targets, Tucker Kraft went 4-26 on 8 targets, Skyy Moore went 3-31 on 7 targets, MarShawn Lloyd had 4 carries for 11 yards and 2 catches for 7 yards, Kaleb Johnson had 4 carries for 6 yards and 1 catch for 10 yards, Jonnu Smith went 2-16 on 3 targets, and J. Michael Sturdivant went 3-22 on 3 targets."
BUF,2026-09-29,"Wk3 auto (Gemini gemini-3.8-flash, box-checked): Buffalo ran 80% nickel with light two-high safety shells, rushing four and blitzing Herbert on under 20% of dropbacks with a ~35% pressure rate on 34 dropbacks and 2 sacks. Perimeter corners matched Johnston and Harris, slot corner covered McConkey, and brackets neutralized Gadsden (0/3). Depth interior tackles saw heavier snaps due to rotation injuries without scheme changes. The defense limited deep plays to Johnston (3/40) and tight ends (Gadsden 0/0), but surrendered intermediate efficiency to Harris (6/76) and McConkey (4/66). While stuffing Hampton (56 rush yards), light boxes allowed Mitchell to rush 8 times for 52 yards (6.5 YPC) plus 3 catches, -5 yards and 1 TD. Fantasy read: This defense funnels production to explosive rushers and slot/intermediate receivers while taking away tight ends and deep boundary targets."
LAC,2026-09-29,"Wk3 auto (Gemini gemini-3.8-flash, box-checked): Jesse Minter ran nickel 72% using Cover 3 and quarters with 30% blitzes, sacking Josh Allen 4 times with a 42% pressure rate and 2 picks while outside corners faced DJ Moore and slot defenders locked down Khalil Shakir. The defense allowed 204 passing yards and 0 passing touchdowns, but James Cook ran for 154 yards and a touchdown on 24 carries, Josh Allen added 2 rushing touchdowns, Ty Johnson caught 4 passes for 50 yards, DJ Moore caught 6 of 10 targets for 67 yards, and Dalton Kincaid caught 2 passes for 38 yards. Fantasy read: This defense funnels production to bellcow rushers, pass-catching backs and outside receivers while taking away slot targets and tight ends. Wk4 @SEA: Kenneth Walker or Zach Charbonnet and Seattle's primary outside targets are strong plays, whereas slot and tight end options should be avoided."
CLE,2026-09-29,"Wk3 auto (Gemini gemini-3.8-flash, box-checked): Cleveland used 74% nickel and an 18% blitz rate, relying on Myles Garrett to generate a 35.4% pressure rate while Denzel Ward and Martin Emerson Jr. outside allowed Tetairoa McMillan, Jalen Coker, Brycen Tremayne, and John Metchie III a combined 10 catches for 137 yards and 1 TD. Greg Newsome II manned the slot as Cleveland played two high safeties on 58% of snaps and 6-man boxes, allowing Chuba Hubbard 19 carries for 82 yards and 4 catches for 28 yards. Bryce Young passed for 291 yards and 1 TD. Darren Waller, Tommy Tremble, and Mitchell Evans combined for 15 targets, 11 receptions, and 128 yards. Fantasy read: This defense funnels production to tight ends and pass-catching backs while taking away boundary wide receivers."
CAR,2026-09-29,"Wk3 auto (Gemini gemini-3.8-flash, box-checked): The Panthers used 3-4 base and nickel packages with rookie corner Will Lee III playing 91% of snaps out wide and safety Zakee Wheatley logging 71%. Edge Patrick Jones II returned (60% snaps), letting Jaelan Phillips (86%) rush outside. DT Derrick Brown played 76% snaps in an 8-man box on 38% of early downs, holding Quinshon Judkins to 18 carries for 70 yards and 2 catches for 9 yards. Coordinator Ejiro Evero blitzed Watson on 33.3% of dropbacks, holding him to 144 passing yards on 30 attempts, though Watson added 11 carries for 45 yards. Will Lee and the secondary limited KC Concepcion to 2 catches for 9 yards on 9 targets and Denzel Boston to 2 catches for 41 yards on 4 targets. Carolina bled points underneath and in the red zone, allowing Harold Fannin Jr."
DET,2026-09-29,"Wk3 auto (Gemini gemini-3.8-flash, box-checked): Detroit operated out of nickel over 70% of snaps using aggressive press-man and Cover 1/3, loading 7-8 man fronts to stop the run while rushing four with simulated pressures (~43% pressure rate, 5 sacks). D.J. Reed tracked Garrett Wilson, yielding 10 catches for 107 yards and a touchdown, while Roger McCreary played the slot and Jack Campbell covered tight ends. Geno Smith went 31/37 for 321 yards and 3 touchdowns. Breece Hall ran 13 times for 32 yards with 3 catches for 23 yards. Kenyon Sadiq caught 7 passes for 105 yards and a touchdown, and Jeremy Ruckert caught 5 passes for 39 yards and a touchdown. Fantasy read: Detroit funnels elite production to tight ends and slot/boundary receivers while shutting down running backs. Wk4 @CAR: Start Carolina tight ends and perimeter targets while fading their backfield."
NYJ,2026-09-29,"Wk3 auto (Gemini gemini-3.8-flash, box-checked): Aaron Glenn ran heavy nickel and dime split-safety Cover 4 and Cover 2 zones, keeping a light box over 65%. The 4-man rush blitzed under 18%, yielding 0 sacks and a 19% pressure rate to Jared Goff, who went 25-of-32 for 269 yards and 2 TDs. Sauce Gardner held Jameson Williams to 4-49, while Michael Carter II and Dane Belton held Amon-Ra St. Brown to 4-19 and 1 TD. However, coverage busts allowed Isaac TeSlaa 3-66, and Jahmyr Gibbs shredded them for 99 rush yards, 2 TDs, and 7 catches for 65 yards and 1 TD. Fantasy read: This defense funnels production to pass-catching running backs and secondary weapons while taking away outside deep balls and slot receivers. Wk4 @CHI: Start Bears running backs and intermediate pass-catchers."
IND,2026-09-29,"Wk3 auto (Gemini gemini-3.8-flash, box-checked): Anarumo shifted to nickel 5-DB shells with a 4-man rush, leaning on DeForest Buckner (1.5 sacks) and Adetomiwa Adebawore to wreck the interior while Grover Stewart anchored light boxes. Sauce Gardner and Charvarius Ward played the boundary, and Camryn Bynum handled underneath zones. David Montgomery was held to 11 carries for 33 yards, but Xavier Hutchinson posted 3-51 on 6 targets and Foster Moreau caught a TD. Fantasy read: This defense funnels targets to tight ends and intermediate slot weapons while erasing lead rushers and deep boundary targets. Wk4 @WAS: Boundary wideouts face tough coverage against Gardner and Ward, making Washington’s tight ends and short-area targets high-floor options."
HOU,2026-09-29,"Wk3 auto (Gemini gemini-3.8-flash, box-checked): Ryans ran 4-down nickel with two-high safeties, generating heavy pressure without blitzing behind Anderson (2.5 sacks, 3 TFL, 2 FF) and Hunter. Crowded boxes held Taylor to 23-68 (3.0). Lassiter (71 snaps) anchored the boundary. Injuries weren't noted, but the middle suffered as Downs (11-5-77) and Warren (10-9-55) exploited short voids alongside Allen (9-6-63, TD); Blankenship added an INT. Fantasy read: This defense shuts down outside field-stretchers and inefficient ground games while funnels production to slot receivers and receiving tight ends. Wk4 vDAL: Dallas running backs face severe efficiency downgrades, while slot options and tight ends inherit heavy PPR target shares."
JAX,2026-09-29,"Wk3 auto (Gemini gemini-3.8-flash, box-checked): 75% nickel, two-high shell, light boxes. Nielsen deployed a 4-man pass rush via Hines-Allen, Walker, and Hamilton, generating a 38%+ pressure rate sans blitz. Hunter and Brown played outside, Jones in the slot, Oluokun and Lloyd on underneath zones. Defense shifted from Week 2 Denver loss to disciplined Cover 4/6, squeezing windows and forcing Maye (14/25, 199 YDS, 2 INTs, 1 sack-fumble) to benching; DeVito went 3/5, 30 YDS. Henderson had 8-23, Stevenson 7-22, Kiner 6-18; Hollins posted 6-87, Doubs 3-49, Williams 1-34, Douglas 1-38. Fantasy read: This defense funnels volume to perimeter possession receivers while taking away running backs and quarterbacks. Wk4 @CIN: Temper expectations for Chase Brown, but start perimeter weapons like Ja'Marr Chase and Tee Higgins."
NE,2026-09-29,"Wk3 auto (Gemini gemini-3.8-flash, box-checked): New England utilized a 3-3-5 nickel front under DC Zak Kuhr and Mike Vrabel, stacking 7-8 in the box. Christian Gonzalez shadowed the perimeter, Carlton Davis played opposite, and Marcus Jones manned the slot. Injuries forced Robert Spillane, Milton Williams, and Gabe Jacas into major roles. New England blitzed heavily, but Trevor Lawrence shredded it, going 19/29 for 182 yards and 3 TDs with just 1 sack taken. The offense exploited the middle of the field: Jakobi Meyers posted 7 catches for 64 yards and a TD, Parker Washington went 3 for 40 with a TD, and Brenton Strange added 3 for 32. New England failed to stop the ground game, yielding rushing touchdowns to Bhayshul Tuten (15 rushes, 73 yards, 1 TD; 2 catches, 17 yards) and Chris Rodriguez Jr. (8 rushes, 37 yards, 1 TD), while Ameer Abdullah added 3 rushes for 2 yards."
NYG,2026-09-29,"Wk3 auto (Gemini gemini-3.8-flash, box-checked): Rain dictated a heavy nickel scheme with 4-man rushes and zone drops. Rookie Arvell Reese notched 13 tackles and 1 pass breakup, while Jevón Holland added an end-zone interception. Cam Ward went 23/36 for 181 yards and 1 TD. Tony Pollard ran 17 times for 74 yards and caught 4 passes for 22 yards. Carnell Tate caught 6 of 9 targets for 58 yards, Wan'Dale Robinson caught 7 of 11 targets for 57 yards and 1 TD, Gunnar Helm caught 2 passes for 14 yards, Tyjae Spears had 3 carries for 5 yards, and Elic Ayomanor caught 1 pass for 11 yards. Fantasy read: This defense funnels production to pass-catching backs and slot receivers while limiting explosive plays to boundary wideouts and tight ends."
TEN,2026-09-29,"Wk3 auto (Gemini gemini-3.8-flash, box-checked): Robert Saleh’s base 4-3 and heavy nickel defense used 7- and 8-man boxes, compiling 8 TFLs and 3 sacks against fill-in QB Jameis Winston (14/22, 118 yds). Jeffery Simmons posted 10 tackles, 1 sack, and 2 TFLs, and Keldric Faulk added a sack. Alontae Taylor and Cor’Dale Flott held Malik Nabers to 5 catches for 26 yards. Kevin Winston Jr. and Anthony Hill Jr. limited Isaiah Likely to 2 catches for 13 yards. Cam Skattebo rushed 20 times for 60 yards and caught 3 passes for 40 yards, while Najee Harris added 9 carries for 52 yards and Darnell Mooney caught 2 passes for 20 yards; Tennessee allowed 0 offensive touchdowns, yielding four field goals. Fantasy read: This defense funnels production to running backs while taking away perimeter receivers and tight ends."
PIT,2026-09-29,"Wk3 auto (Gemini gemini-3.8-flash, box-checked): Patrick Graham’s defense used nickel on 70-75% of snaps with Jalen Ramsey inside. Jamel Dean (82%) and Asante Samuel Jr. (72%) started outside, but Samuel allowed four catches on five targets and two touchdowns, prompting a benching for rookie Daylen Everette (46%). Joey Porter Jr. was out. Patrick Queen (100%) and Payton Wilson (70%) played behind a four-man rush where T.J. Watt faced zero pressures against Amarius Mims, though Derrick Harmon had a late strip-sack. Cincinnati's Tee Higgins caught 6-90-1 and Ja'Marr Chase caught 9-98-1 on the perimeter. Mike Gesicki added 3-37-1. Pittsburgh limited Chase Brown to 13 carries for 61 yards and the backfield to 13 receiving yards. Fantasy read: This defense funnels production to boundary wide receivers and tight ends while taking away opposing running backs."
CIN,2026-09-29,"Wk3 auto (Gemini gemini-3.8-flash, box-checked): Cincinnati used 4-2-5 nickel on 75% of snaps, generating 18 pressures and 2 sacks (both by Dexter Lawrence on 49 snaps). Bryan Cook played 21 snaps with an ankle injury before Kyle Dugger took 41. Dax Hill and DJ Turner II played outside in two-high safety shells. The light box failed as Jaylen Warren shredded them for 127 rushing yards and 49 receiving yards on 3 catches. Aaron Rodgers threw for 292 yards and 3 TDs, exploiting intermediate zones to Darnell Washington (67 yards), Roman Wilson (3 catches, 60 yards, 1 TD), and Pat Freiermuth (30 yards), while limiting DK Metcalf (31 yards, 1 TD) and Michael Pittman Jr. (16 yards). Fantasy read: This defense funnels production to dual-threat running backs and seam-attacking tight ends while taking away perimeter WR1s. Wk4 vJAX: Jacksonville's backfield and tight ends are high-floor starts."
WAS,2026-09-29,"Wk3 auto (Gemini gemini-3.8-flash, box-checked): Washington ran 70% nickel/dime, a 4-down front, and a 22% blitz rate using simulated pressures while Tim Settle and Johnny Newton clogged the interior. Washington used 6-to-7-man boxes to limit Emanuel Wilson to 14 yards, George Holani to 10 yards, and Jadarian Price to 15 yards on 17 combined carries (2.3 YPC). Amik Robertson covered the perimeter while Jaxon Smith-Njigba caught 10 of 14 targets for 128 yards and 2 TDs, AJ Barner caught 5 of 9 for 69 yards, Cooper Kupp caught 4 of 5 for 46 yards and 1 TD, George Holani caught 5 of 5 for 48 yards, Tory Horton caught 3 for 48 yards, and Rashid Shaheed caught 2 of 3 for 14 yards against Sam Darnold's 379 yards and 4 TDs. Frankie Luvu and Leo Chenal exited injured, prompting rookie Sonny Styles to force a turnover and Kain Medrano to add a pick-six amidst 3 takeaways."
SEA,2026-09-29,"Wk3 auto (Gemini gemini-3.8-flash, box-checked): Seattle used nickel 65% and base 3-4, rushing four on ~72% of dropbacks with 2 sacks and 9 QB hits. Washington neutralized the pass rush via rapid-release throws, though Seattle's heavy boxes halted Jacory Croskey-Merritt (19-36) and Rachaad White (8-35). Outside corners Josh Jobe and Riq Woolen faced Terry McLaurin, who went 6-77-1 on 9 targets. Slot defenders contained Stefon Diggs (4-33) and Antonio Williams (2-15). Marcus Mariota finished 19/31 for 183 yards and 3 TDs with 5 rushes for 11 yards, hitting Rachaad White for a goal-line score. Seattle had zero takeaways. Fantasy read: This defense funnels production to mobile QBs and downfield WR1s while taking away interior runners. Wk4 vLAC: Start Justin Herbert and deep targets with confidence while sitting interior runners."
SF,2026-09-29,"Wk3 auto (Gemini gemini-3.8-flash, box-checked): SF used 75%+ nickel with two-high shells and light 6-man boxes. Lenoir and Ward bracketed Harrison (3-40-0 on 5 tgt). Bosa and a 4-man rush generated a ~29% pressure rate on 52 dropbacks with under 18% blitzing. Expecting Brissett, SF conceded short rhythm passes; Brissett went 38/52 for 280 yds and 2 TDs plus a rushing score. Love rushed 21 times for 90 yds and caught 5 passes for 19 yds and 1 TD. Wilson caught 11 of 17 targets for 89 yds and 1 TD. McBride caught 9 of 11 targets for 75 yds. Fantasy read: This defense funnels PPR production to slot receivers, tight ends, and pass-catching backs while erasing perimeter WR1s. Wk4 vDEN: Denver's slot targets and tight ends should thrive on checkdowns against this shell."
ARI,2026-09-29,"Wk3 auto (Gemini gemini-3.8-flash, box-checked): Rallis deployed 70% nickel/dime looks with a 6-7 man box. Murphy-Bunting and Thomas V covered Evans, while slot and LB depth issues left seams open. Arizona blitzed near 30% with a low ~21% pressure rate, allowing Purdy a clean 15/27, 297 yds, 4 TD, plus 2 car, 34 yds. McCaffrey had 15 car, 75 yds, 1 TD and 4 rec, 41 yds. Evans caught 3 balls for 34 yds, 1 TD. Kittle posted 6 rec, 82 yds, 2 TD. Black added 4 car, 17 yds. Fantasy read: This defense funnels production to tight ends and quick-game pass catchers while taking away between-the-tackles running. Wk4 @NYG: Deploy Giants tight ends and slot receivers while benching early-down rushers against blitz-heavy schemes."
TB,2026-09-29,"Wk3 auto (Gemini gemini-3.8-flash, box-checked): Tampa Bay ran nickel 72% and heavy base 3-4 against multiple TEs. Bowles dialed the blitz down to 24% and used a four-man mush-rush to contain Murray, using light boxes on 65% of snaps. Jamel Dean covered Jordan Addison, Christian Izien played slot, and David and Britt bracketed Hockenson. Hockenson had 2 catches for 11 yards on 4 targets, and Murray passed for 168 yards on 15-of-29. Addison caught 5 passes for 90 yards and a touchdown, contradicting the claim he only had one catch. Aaron Jones rushed 17 times for 58 yards and caught 5 passes for 34 yards. Fantasy read: This defense funnels production to outside wide receivers while taking away tight ends and interior runners. Wk4 vGB: Start Green Bay's perimeter receivers while benching tight ends."
MIN,2026-09-29,"Wk3 auto (Gemini gemini-3.8-flash, box-checked): Brian Flores used nickel and dime over 80% with a 48% blitz rate, mugging A-gaps and sending overload blitzes or bailing into zone. Baker Mayfield was pressured at a 44% rate, taking 6 sacks with 2 interceptions before exiting for Jalon Daniels, who went 0/3 with 9 rushing yards. Byron Murphy Jr. and Shaquill Griffin manned the boundary, while Josh Metellus and Camryn Bynum held Chris Godwin Jr. to 3 catches for 25 yards on 4 targets. Emeka Egbuka had 5 catches for 62 yards on 9 targets against cushions, Cade Otton had 3 catches for 56 yards on 6 targets in vacant zones, and Ted Hurst III added 1 catch for 40 yards and a TD. Bucky Irving had 15 carries for 46 yards (2 rec, 12 yards) and Kenny Gainwell had 3 carries for -4 yards (2 rec, 14 yards)."
NO,2026-09-29,"Wk3 auto (Gemini gemini-3.8-flash, box-checked): New Orleans ran nickel 68% and a 7-man box 54% on early downs. They bottled up Ashton Jeanty (19 car, 56 yds), but Mike Washington Jr. gained 54 yards on 5 carries with a TD. McKinstry and Taylor handled perimeter duties against Tucker (4 rec, 43 yds), White (1 rec, 4 yds, TD), and Nailor (1 rec, 16 yds). The middle was exposed to Brock Bowers (10 rec, 116 yds, 1 TD) and Michael Mayer (3 rec, 32 yds, 1 TD). Kirk Cousins went 22/33 for 248 yards and 3 TDs, facing under 25% pressure with zero sacks. Fantasy read: This defense funnels production to tight ends and receiving backs while taking away perimeter wide receivers. Wk4 vATL: Kyle Pitts is a green light, Drake London's upside is capped outside, and Bijan Robinson will see checkdown volume."
LV,2026-09-29,"Wk3 auto (Gemini gemini-3.8-flash, box-checked): Graham used a 74% nickel package and light boxes on 62% of snaps. Hobbs played the slot with Jones and Bennett outside, conceding Olave's 9-13-107 line. Linebackers struggled in the red zone and seam coverage, allowing Johnson (8-53-2 TD) and Fant (4-33-2 TD) to score 4 times. Graham dialed up a 26% blitz rate and 38% fourth-quarter pressure rate, with Koonce adding a strip-sack and Crosby forcing turnovers. Shough went 29-42 for 255 yards and 4 TDs with 1 rush for 36 yards; Etienne had 13-57 rushing and 2-13 receiving; Kamara had 9-36 rushing and 1-5 receiving; Miller had 4-14 rushing and 2-5 receiving; Vele had 3-39; Lance had 0-0. Fantasy read: This defense funnels production to red-zone tight ends and slot receivers while taking away running back pass-catching."
