date,player,team,pos,status,injury,timeline,replacement,note
2026-09-22,Jayden Daniels,WAS,QB,OUT,dislocated left elbow (no fracture),no timeline,Marcus Mariota starts,"Mobile-QB offense loses its engine; Mariota is a lesser runner - WAS run game and Ekeler-type checkdowns carry more; WAS pass ceiling capped"
2026-09-22,Caleb Williams,CHI,QB,week-to-week,hamstring,could return wk3 MNF or miss a week,backup QB,"CHI is a shootout offense; without Williams the track-meet profile cools and CHI skill players lose ceiling"
2026-09-22,Jaxson Dart,NYG,QB,OUT,sprained MCL (MRI pending),expected to miss time,Jameis Winston,"Downgrade Nabers and the NYG pass game while Winston starts; NYG already a slow ball-control offense (52 opp plays/g)"
2026-09-22,DJ Moore,BUF,WR,day-to-day,AC joint sprain (shoulder),chance to play wk3,Keon Coleman took his targets (6) in wk2; Palmer did not,"BUF targets wk2 without Moore: Kincaid 8, Shakir 6, Coleman 6, Palmer 3 - one beneficiary, not two"
2026-09-22,Rico Dowdle,PIT,RB,OUT,toe (carted off),not expected back wk3,Jaylen Warren leads; Homer/Heidenreich behind,"PIT is a run-heavy offense; Warren becomes a volume RB2 for as long as Dowdle sits"
2026-09-22,Zay Flowers,BAL,WR,OUT,undisclosed (missed wk2; one limited practice),expected inactive wk3,Bateman (18.3 wk2) absorbs the WR1 targets,"BAL is a run-first offense; the WR volume is thin to begin with, so Bateman is a WR3 play, not a smash"
2026-09-22,Alec Pierce,IND,WR,OUT,heel/ankle (aggravated on TNF),no timeline,,"IND's deep-shot role goes unfilled; slot/TE work already dominant there"
2026-09-22,Ja'Kobi Lane,,WR,IR,fractured wrist (surgery),earliest return wk6,,
2026-09-22,Saquon Barkley,PHI,RB,active,stinger (returned to game),limited practice; expected to start wk3,,
2026-09-22,J.K. Dobbins,,RB,probable,hamstring,expected good to go,,
2026-09-22,Josh Jacobs,GB,RB,EXEMPT,commissioner exempt list (misdemeanor battery + criminal damage charges),no timeline - legal process,MarShawn Lloyd / Chris Brooks / Kaleb Johnson three-way committee (wk2: Johnson 8, Lloyd 6, Brooks 4),"GB traded for Kaleb Johnson as insurance; committee until the legal situation resolves - a held Jacobs is a dead roster spot for an unknown number of weeks"
2026-09-15,Jared Verse,CLE,EDGE,OUT,knee (surgery),multiple weeks,,"CLE pass rush already nonexistent post-Garrett; QBs/WRs facing CLE stay upgraded"
2026-09-15,Jonathon Cooper,DEN,EDGE,EXEMPT,commissioner exempt list,no timeline,Elliss/Bonitto/Tillman committee,"DEN run-funnel badge is structural while he is out"
2026-09-15,Denzel Perryman,LAC,LB,OUT,injury (late preseason),unknown,Del'Shawn Phillips (coverage liability),"LAC seam leak (McBride 9-95-1) persists until he returns - TEs feast"
2026-09-15,Chamarri Conner,KC,DB,OUT,knee,unknown,rookie Roland-Wallace at nickel,"KC's TE-funnel badge is personnel-driven; closes when Conner returns"
2026-09-15,Micah Parsons,GB,EDGE,OUT,undisclosed,unknown,Van Ness / rotation,"GB defense jumps a tier on his return"
2026-09-15,Nick Emmanwori,SEA,S,OUT,undisclosed,unknown,Julian Love 100%,"SEA got its wk1 shutdown without two starting safeties - stronger on return"
2026-09-15,Da'Shawn Hand,ATL,DL,IR,torn quad,season,,
2026-09-22,Nico Collins,HOU,WR,OUT,inactive wk2 (per Gemini/Yahoo inactive list; injury not yet confirmed),no timeline - Friday sweep to confirm,"CIN dropped seven into coverage because no HOU vertical threat remained; Schultz absorbed the volume (14 tgt)","HOU without Collins is a short-passing offense: Schultz is the primary beneficiary, HOU outside WRs lose their deep shots"
2026-09-24,Puka Nacua,LA,WR,questionable,hip/groin soreness (aggravated in practice; inactive wk2),McVay 'hopeful' for wk3 vs DEN - not long-term,Adams absorbed the tree without him: 10 tgt 8-195-2 in wk2 (T. Ferguson 9 tgt),"Rams passing game concentrates on Adams + Ferguson when Nacua sits; with Nacua back the targets split and Adams becomes the boundary WR in Surtain's shadow"
2026-09-24,Demarcus Robinson,SF,WR,OUT,high ankle sprain (carted off wk2 vs MIA),3-6 weeks per Shanahan; IR candidate,Evans and Deebo absorb the WR3 targets; Hodge next on the depth chart; Pearsall (IR) and Stribling (out 9 games) already gone,"SF's WR room is down to Evans / Deebo / Hodge: the spread target tree that capped Evans at 3-5 targets consolidates - Kittle and McCaffrey still eat, but Evans is now a clear WR1/WR2 by volume, not a rotation piece"
2026-09-24,Mike Evans,SF,WR,questionable,hip (hurt wk2 vs MIA; DNP Wednesday),"Shanahan: managed carefully this week; Rapoport: not major, 'good chance he practices and goes' - Friday report decides",Deebo / Hodge if he sits; Kittle and McCaffrey the volume,"With Robinson (3-6 wks) and Pearsall (IR) gone, a healthy Evans is SF's WR1 by volume; a limited Evans in a managed role is the risk"
2026-09-25,Puka Nacua,LA,WR,DOUBTFUL,hip/groin - McVay calls it 'pre-hernia'; also left Thursday practice early (knee per CBS),Doubtful for wk3 vs DEN; 'proper time to heal' - multi-week risk,Adams stays the whole tree (10 tgt wk2); T. Ferguson second,"Rams passing game concentrates on Adams + Ferguson; Surtain gets Adams but volume beats the shadow"
2026-09-25,Mike Evans,SF,WR,expected to play,hip (missed Wed/Thu; returned to practice Friday),Rapoport: not major; on track for Sunday vs ARI - official designation due Friday evening,n/a - Robinson (3-6 wks) and Pearsall (IR) out so Evans is SF's WR1 by volume,"Managed workload possible in week 1 back; ARI boundary CBs exposed, 28.0 implied"
2026-09-25,TreVeyon Henderson,NE,RB,active,ankle (missed wk1) - off the report,plays wk3 @JAX,Leads the NE backfield: 17 touches to Rhamondre's 7 in wk2,"With Henderson healthy Rhamondre is the change-of-pace/receiving back; JAX 7-8 man boxes make the early-down role low-value anyway"
2026-09-25,Nico Collins,HOU,WR,OUT (expected),grade-1 hamstring strain; missed three straight practices,Not expected to play wk3 @IND,Schultz (14 tgt wk2) and the slot absorb the volume,"HOU without Collins = short passing game; Schultz is the Kelce role vs IND's open middle"
2026-09-25,Dalton Schultz,HOU,TE,active,rest day Wednesday only,plays wk3 @IND,,
2026-09-25,Joey Porter Jr.,PIT,CB,OUT (likely),back - flared up again after the wk2 return,no timeline,Boundary CB depth,"PIT's 'outside WR1 erased' read from wk2 loses its reason: Higgins gets the backup boundary CB"
2026-09-25,DJ Moore,BUF,WR,questionable,shoulder (AC sprain) - DNP Thursday after a limited Wednesday; downgraded,Uncertain for wk3 vs LAC,Coleman took his targets wk2 (6),"If Moore sits Coleman is the $0 add again; Ed Oliver returns for BUF (interior DL back - Hampton's inside runs get a little harder)"
2026-09-25,Ed Oliver,BUF,DL,active,returned to practice,plays wk3 vs LAC,,"BUF interior gets its anchor back; the light-box RB leak narrows"
2026-09-25,Jaxson Dart,NYG,QB,IR,left knee MCL,out for the season (NBC),Jameis Winston starts,"Downgrade the NYG pass game; Nabers loses his QB for good"
2026-09-25,Zay Flowers,BAL,WR,OUT (expected),hamstring re-aggravated wk1; missed practice to open the week,~4% to play per FantasyPros model,Bateman WR1 targets,"BAL run-first; Bateman WR3 play not a smash"
2026-09-25,Rico Dowdle,PIT,RB,OUT (expected),toe - in a boot; DNP Wednesday,highly unlikely wk3 vs CIN,Jaylen Warren lead back,"PIT run-heavy; Warren volume RB2"
2026-09-25,Josh Jacobs,GB,RB,EXEMPT,pleaded no contest - guilty of misdemeanor battery ($1000 fine); criminal damage resolved via deferred judgment,Legal side closed; still on the exempt list for wk3 vs ATL - Packers 'hope he can play sometime this season'; NFL discipline decision pending,Lloyd / K. Johnson / Brooks committee,"Legal resolution is the first gate to a return; hold stays a hold, not a drop"
2026-09-25,Jayden Daniels,WAS,QB,OUT,dislocated elbow,will not start wk3; Mariota confirmed,Marcus Mariota,
2026-09-25,Caleb Williams,CHI,QB,week-to-week,right hamstring,Bagent the contingency,Tyson Bagent,
2026-09-25,Jonathon Brooks,CAR,RB,IR,groin re-aggravated,placed on IR wk3,,"The drop was right"
2026-09-25,Nick Bosa,SF,DE,questionable,calf - missed Thursday practice (new),uncertain for wk3 vs ARI,Height also out (hand surgery),"SF pressure rate (3rd) depends on Bosa; without him the ARI pass game and MHJ get a cleaner pocket"
2026-09-25,Travis Etienne,NO,RB,active,hamstring (limited Wed/Thu) - no Friday designation,plays wk3 vs LV,Kamara / Etienne split continues (Miller ill Thursday),"Kamara stays a two-way split, not a lead back; LV light boxes help both"
2026-09-26,Mike Evans,SF,WR,QUESTIONABLE,hip - limited Friday after missing Wed/Thu,Official Q for wk3 vs ARI; expected to play but in a managed role,Deebo / Hodge if he sits,"Q + limited only = the 'full practice' gate for starting him over Adams is not met"
2026-09-26,Nick Bosa,SF,DE,OUT,calf (hurt in Thursday warmup),'around a few weeks' per Shanahan,Height also out (hand); Thompson Jr out,"SF's 3rd-ranked pressure rate loses its engine - ARI's pass game (Brissett, MHJ) gets a cleaner pocket for several weeks"
2026-09-29,De'Von Achane,MIA,RB,IR,torn ACL (non-contact, wk3 vs KC),out for the season,Ollie Gordon II lead (17 car 41 yds 1 TD wk3); Jaylen Wright (foot/stinger) was inactive,"MIA is a shotgun/spread offense with a bad QB situation (Willis) - Gordon gets volume, not efficiency; week 4 @MIN (4th vs RB, 14.0 implied) is a hold week, the role is the value"
2026-09-29,Jaylen Wright,MIA,RB,questionable,foot / stinger (inactive wk3),unknown,Ollie Gordon II has the backfield while he sits,"If Wright returns the MIA backfield splits; Gordon's role is safest while Wright is out"
2026-09-29,Baker Mayfield,TB,QB,OUT,dislocated thumb (no ligament damage per MRI),at least three weeks,backup QB,"TB pass game downgrade for 3+ weeks - Irving/White ground game carries more"
2026-09-29,Drake Maye,NE,QB,active,not injured - benched for performance (pulled for DeVito at 28-3 in a 35-6 loss),plays wk4 @BUF,n/a,"League-high 7 turnovers in 3 games behind 11 first-half pressures; BUF is 24th vs QB but 20.8 implied - a stream week, not a start"
2026-09-29,Omarion Hampton,LAC,RB,active,no injury - timeshare (15 car vs Mitchell 8 car 52 yds),n/a,Keaton Mitchell taking the change-of-pace and receiving work,"Two weeks of 15-23 carries but the efficiency and receiving role belong to Mitchell now; LAC @SEA (5th vs RB, 17.8 implied) is a hard spot"
2026-09-29,Justin Jefferson,MIN,WR,active,ankle (2-32, nearly left the game),expected to play wk4,,
2026-10-06,Rashee Rice,KC,WR,OUT (multi-week),"left hamstring, non-contact, 1st qtr wk4 (1 rec 7 yds)",Reid: 'tweaked'; Silver (The Athletic): could be out several weeks. KC bye wk5 so earliest return wk6,Tyquan Thornton 8 tgt 25.6 wk4 (one game); Worthy 7 tgt,KC spread the Rice targets to Thornton deep and Worthy; Walker 22 car 30.4 is the offense. Hold Rice on the bench - not IR-eligible unless KC places him there
2026-10-06,Tee Higgins,CIN,WR,day-to-day,"adductor, 4th qtr wk4 (toe-tap catch); tried to return, could not. 11-157 on 16 tgt before leaving","Zac Taylor Mon: day-to-day, 'he and Ja'Marr will be good at the end of the week'; real update Wed. CIN bye is wk6, so the staff may sit him wk5 @MIA",Dohnte Meyers 9 tgt 11.7 wk4; Gesicki 5 tgt,"With Chase in protocol and Higgins hurt, CIN's wk4 2nd-half tree was Meyers / Gesicki / Chase Brown (11 tgt). Treat Higgins as a game-time call; MIA is 2nd vs WR now / 14th '25"
2026-10-06,Ja'Marr Chase,CIN,WR,concussion protocol,"concussion, early wk4 (3 tgt 4.2)",Day-to-day; five-step protocol must clear by Sunday - 'most or all of the week' in protocol is plausible,Higgins (if healthy) 16 tgt; Meyers 9; Brown 11 tgt,"If Chase is out and Higgins plays, Higgins is the alpha (16 tgt wk4). If both sit, Meyers/Gesicki/Brown absorb a 24.8-implied offense"
2026-10-06,Saquon Barkley,PHI,RB,OUT (week-to-week),"right hamstring strain, 1st qtr wk4 (2 car, 1 rec)",Rapoport: tests 'not overly serious' but week-to-week; Sirianni update Wed. Likely out wk5 @JAX,"Will Shipley is the only healthy RB on the active roster (Bigsby to IR, core surgery); Shipley 6 car + 1 tgt wk4, passing-down back","PHI offense is in trouble (Hurts 13.5 / 13.6; D. Smith + Goedert also out wk4; 18.0 implied @JAX). Shipley gets volume, but JAX is 7th vs RB now / 3rd '25 - a job in a red spot"
2026-10-06,Tank Bigsby,PHI,RB,IR,"core muscle, surgery",IR (min 4 games),Shipley,
2026-10-06,Patrick Surtain II,DEN,CB,OUT (short-term),"right ankle, non-contact, before halftime wk4 @SF","Achilles intact per MRI (Rapoport); short-term, likely out wk5 @LAC",Ja'Quan McMillian / Riley Moss outside,"DEN without Surtain is a different matchup for LAC's WRs (McConkey foot also a question). For Hampton the box, not the corner, matters"
2026-10-06,Omarion Hampton,LAC,RB,active,"no injury - 3-man committee: 25 snaps (42%), 9 car 45 yds TD + 2 rec; Mitchell 10 car + 6 tgt 8.8; Vidal 5 car + 3 tgt TD 10.6",n/a,"Mitchell (passing downs) and Vidal (rising, first TD)","Snap count fell 29 -> 25 for a second week; LAC also lost both OTs (Slater ankle, Alt neck) in wk4. Hampton is the goal-line back and nothing more right now. vDEN wk5: DEN 26th vs RB now / 1st '25 - no verdict"
2026-10-06,Ladd McConkey,LAC,WR,questionable,"foot (same injury as wk3), 24 snaps wk4 then downgraded to out",Harbaugh: same foot; week-to-week tone,Tre Harris / Quentin Johnston,Herbert's passing tree thins; more early-down runs for the committee if the OTs are out too
2026-10-06,Rashawn Slater,LAC,OL,injured,"ankle, wk4",unknown,,"LAC lost both tackles in wk4 (Slater, Alt neck); a run-game downgrade for Hampton vDEN"
2026-10-06,DJ Moore,BUF,WR,questionable,"AC joint (left shoulder) aggravated wk4, 2nd early exit this season",Bills: not long-term; Monday night vLA gives an extra day,Keon Coleman 7 tgt 116 yds TD (20.6) wk4; Shakir 8 tgt,"If Moore sits, Coleman is the X in a 26-implied offense @LA; Rams are 14th vs WR now / 22nd '25"
2026-10-06,Kyle Monangai,CHI,RB,day-to-day,"thumb, late wk4 (after 30 car 146 yds 2 TD)","Ben Johnson Mon: day-to-day, 'going to be okay'","D'Andre Swift (15 car, lost fumble, benched after)","Swift's fumble handed Monangai the second half; Johnson rewarded it. If both are healthy expect a hot-hand split, Monangai leading. @GB wk5: GB 31st vs RB now / 14th '25"
2026-10-06,Terrance Ferguson,LA,TE,IR,ankle,IR (min 4 games),"Tyler Higbee 11 tgt wk3, 6 wk4 (rested wk4 practice)",Higbee is the only Rams TE with a role; the Rams were already funnelling TE targets to Nacua/Adams/Kyren (13 tgt)
2026-10-06,Jadarian Price,SEA,RB,IR,injury (short-term IR),4+ games,Emanuel Wilson 21 car + 4 tgt 25.5 wk4 (lead); Holani 7 car; Charbonnet designated to return from IR,"Wilson has the job until Charbonnet is activated - a 1-2 week window, then a split"
2026-10-06,Lamar Jackson,BAL,QB,day-to-day,"ankle, exited wk4 win @TEN",MRI Mon; Ravens hopeful for wk5 @ATL,Cooper Rush,"Henry 23 car; a Rush start means more Henry, fewer Flowers targets"
2026-10-06,Dalton Schultz,HOU,TE,active,"no injury - 3 then 2 targets (4.5, 1.9) since the 14-tgt wk2",n/a,n/a,"Two games now, not one: the HOU tree went back to the WRs. @TEN wk5: TEN 11th vs TE now / 22nd '25 - no verdict. A TE stream by the board is on the table"
