key,manual_tier,name,pos,team,total,ppg,Bye,Age,PaYds,PaTD,INT,RuAtt,RuYds,RuTD,Tgt,Rec,ReYds,ReTD,Tgt%,RZTgt,FGM,FGA,XPM,DefPA,DefSk,DefINT,DefTD,TmYds,TmYdsRk,TmPlays,TmPlaysRk,TmRush,TmRushRk,TmPass,TmPassRk,price
p00-0034857,1,Josh Allen,QB,BUF,372.6,23.29,7,30,3668,25,10,112,579,14,,,,,,,,,,,,,,6695,3,1082,9,2714,1,3981,13,
p00-0034796,2,Lamar Jackson,QB,BAL,219.9,16.91,13,29,2549,21,7,67,349,2,,,,,,,,,,,,,,5940,13,974,29,2662,2,3278,28,
p00-0036389,2,Jalen Hurts,QB,PHI,307.1,19.19,10,28,3224,25,6,105,421,8,,,,,,,,,,,,,,5486,24,1010,25,1988,18,3498,23,
p00-0039918,2,Caleb Williams,QB,CHI,322.2,18.95,10,24,3942,27,7,77,383,3,,,,,,,,,,,,,,6442,6,1103,2,2451,3,3991,12,
p00-0039732,2,Bo Nix,QB,DEN,307.8,18.11,10,26,3931,25,11,83,356,5,,,,,,,,,,,,,,5949,12,1092,5,2018,16,3931,17,
p00-0033873,2,Patrick Mahomes,QB,KC,292.2,20.87,5,30,3587,22,11,64,422,5,,,,,,,,,,,,,,5759,20,1061,15,1812,25,3947,16,
p00-0039851,2,Drake Maye,QB,NE,355.5,20.91,11,24,4394,31,8,103,450,4,,,,,,,,,,,,,,6650,4,1044,18,2191,6,4459,4,
p00-0036355,2,Justin Herbert,QB,LAC,297.9,18.62,7,28,3727,26,13,83,498,2,,,,,,,,,,,,,,6020,10,1095,3,2067,12,3953,15,
p00-0034855,2,Baker Mayfield,QB,TB,278.9,16.41,10,31,3693,26,11,55,382,1,,,,,,,,,,,,,,5702,21,1068,13,1947,21,3755,19,
p00-0026498,2,Matthew Stafford,QB,LA,358.4,21.08,11,38,4707,46,8,29,1,0,,,,,,,,,,,,,,6859,2,1086,7,2152,7,4707,2,
p00-0036264,3,Jordan Love,QB,GB,237.1,15.81,11,27,3381,23,6,47,199,0,,,,,,,,,,,,,,5882,16,1010,23,2037,15,3845,18,
p00-0039910,3,Jayden Daniels,QB,WAS,115.3,16.47,7,25,1262,8,3,58,278,2,,,,,,,,,,,,,,5619,23,990,27,2290,4,3329,24,
p00-0033106,3,Jared Goff,QB,DET,305.1,17.94,6,31,4564,34,8,19,45,0,,,,,,,,,,,,,,6608,5,1063,14,2041,14,4567,3,
p00-0036442,3,Joe Burrow,QB,CIN,139.5,17.43,6,29,1809,17,5,14,41,0,,,,,,,,,,,,,,5835,18,1057,16,1591,29,4244,7,
pMEN516487,3,Fernando Mendoza,QB,LV,0.0,0.0,13,,,,,,,,,,,,,,,,,,,,,4632,32,948,32,1317,32,3315,26,
p00-0033077,3,Dak Prescott,QB,DAL,317.8,18.69,14,33,4552,30,10,53,177,2,,,,,,,,,,,,,,6871,1,1120,1,2136,9,4735,1,
p00-0037834,3,Brock Purdy,QB,SF,185.4,20.6,8,26,2167,20,10,33,147,3,,,,,,,,,,,,,,6135,8,1082,10,1817,24,4318,6,
p00-0036971,3,Trevor Lawrence,QB,JAX,348.2,20.48,7,26,4007,29,12,82,359,9,,,,,,,,,,,,,,5982,11,1093,4,1956,20,4026,11,
p00-0039163,4,C.J. Stroud,QB,HOU,216.5,15.47,8,24,3041,19,8,48,209,1,,,,,,,,,,,,,,5808,19,1088,6,1852,22,3956,14,
p00-0034869,4,Sam Darnold,QB,SEA,245.4,14.44,11,29,4048,25,14,35,95,0,,,,,,,,,,,,,,6159,7,1015,21,2096,11,4063,9,
p00-0035228,4,Kyler Murray,QB,MIN,80.8,16.16,6,29,962,6,3,29,173,1,,,,,,,,,,,,,,5049,28,954,30,1841,23,3208,30,
p00-0040691,4,Jaxson Dart,QB,NYG,244.6,17.47,8,23,2272,15,5,86,487,9,,,,,,,,,,,,,,5898,15,1085,8,2195,5,3703,21,
p00-0039150,4,Bryce Young,QB,CAR,227.0,14.19,5,25,3011,23,11,54,216,2,,,,,,,,,,,,,,5281,27,1011,22,1977,19,3304,27,
p00-0040676,5,Cam Ward,QB,TEN,193.7,11.39,9,24,3169,15,7,39,159,2,,,,,,,,,,,,,,4830,30,1004,26,1589,30,3241,29,
p00-0030565,5,Geno Smith,QB,NYJ,188.9,12.59,13,35,3025,19,17,41,109,0,,,,,,,,,,,,,,4880,29,1010,24,2096,10,2784,32,
p00-0040743,5,Tyler Shough,QB,NO,162.0,14.72,8,26,2384,10,6,45,186,3,,,,,,,,,,,,,,5630,22,1075,11,1603,28,4027,10,
p00-0023459,5,Aaron Rodgers,QB,PIT,231.6,14.47,9,42,3322,24,7,21,61,1,,,,,,,,,,,,,,5388,25,988,28,1756,26,3632,22,
p00-0035710,5,Daniel Jones,QB,IND,232.4,17.88,13,29,3101,19,8,45,164,5,,,,,,,,,,,,,,6092,9,1018,20,2007,17,4085,8,
p00-0036212,5,Tua Tagovailoa,QB,ATL,173.7,12.41,11,28,2660,20,15,20,43,0,,,,,,,,,,,,,,5841,17,1048,17,2138,8,3703,20,
p00-0033119,5,Jacoby Brissett,QB,ARI,233.4,16.67,14,33,3366,23,8,38,168,1,,,,,,,,,,,,,,5937,14,1074,12,1583,31,4354,5,
pBeckCa01,5,Carson Beck,QB,ARI,0.0,0.0,14,,,,,,,,,,,,,,,,,,,,,5937,14,1074,12,1583,31,4354,5,
p00-0040668,6,Shedeur Sanders,QB,CLE,94.9,11.86,11,24,1400,7,10,21,169,1,,,,,,,,,,,,,,4801,31,1030,19,1649,27,3152,31,
p00-0038128,6,Malik Willis,QB,MIA,51.2,12.79,6,27,422,3,0,22,123,2,,,,,,,,,,,,,,5366,26,949,31,2044,13,3322,25,
p00-0039139,1,Jahmyr Gibbs,RB,DET,328.4,19.32,6,24,,,,243,1223,13,94,77,616,5,16.2,15,,,,,,,,6608,5,1063,14,2041,14,4567,3,
p00-0038542,1,Bijan Robinson,RB,ATL,329.3,19.37,11,24,,,,287,1478,7,103,79,820,4,19.8,13,,,,,,,,5841,17,1048,17,2138,8,3703,20,
p00-0036223,2,Jonathan Taylor,RB,IND,337.3,19.84,13,27,,,,323,1585,18,55,46,378,2,11.0,5,,,,,,,,6092,9,1018,20,2007,17,4085,8,
p00-0037248,2,James Cook,RB,BUF,285.7,16.81,7,26,,,,309,1621,12,40,33,291,2,8.2,3,,,,,,,,6695,3,1082,9,2714,1,3981,13,
p00-0033280,2,Christian McCaffrey,RB,SF,365.6,21.51,8,30,,,,311,1202,10,129,102,924,7,23.4,25,,,,,,,,6135,8,1082,10,1817,24,4318,6,
p00-0032764,2,Derrick Henry,RB,BAL,272.0,16.0,13,32,,,,307,1595,16,21,15,150,0,4.9,2,,,,,,,,5940,13,974,29,2662,2,3278,28,
p00-0037840,2,Kyren Williams,RB,LA,245.3,14.43,11,26,,,,259,1252,10,50,36,281,3,8.1,10,,,,,,,,6859,2,1086,7,2152,7,4707,2,
p00-0040122,2,Ashton Jeanty,RB,LV,217.6,12.8,13,22,,,,266,975,5,73,55,346,5,14.8,10,,,,,,,,4632,32,948,32,1317,32,3315,26,
p00-0034844,2,Saquon Barkley,RB,PHI,211.8,13.24,10,29,,,,280,1140,7,50,37,273,2,12.1,8,,,,,,,,5486,24,1010,25,1988,18,3498,23,
p00-0039040,2,De'Von Achane,RB,MIA,289.3,18.08,6,24,,,,238,1350,8,85,67,488,4,18.8,11,,,,,,,,5366,26,949,31,2044,13,3322,25,
pPRI206342,2,Jadarian Price,RB,SEA,0.0,0.0,11,,,,,,,,,,,,,,,,,,,,,6159,7,1015,21,2096,11,4063,9,
p00-0038597,3,Chase Brown,RB,CIN,246.1,14.48,6,26,,,,232,1019,6,88,69,437,5,14.3,12,,,,,,,,5835,18,1057,16,1591,29,4244,7,
pLOV121782,3,Jeremiyah Love,RB,ARI,0.0,0.0,14,,,,,,,,,,,,,,,,,,,,,5937,14,1074,12,1583,31,4354,5,
p00-0038134,3,Kenneth Walker III,RB,KC,176.4,10.38,5,25,,,,221,1027,5,36,31,282,0,8.3,3,,,,,,,,5759,20,1061,15,1812,25,3947,16,
p00-0038120,3,Breece Hall,RB,NYJ,189.7,11.85,13,25,,,,243,1065,4,48,36,350,1,10.6,9,,,,,,,,4880,29,1010,24,2096,10,2784,32,
p00-0040734,3,TreVeyon Henderson,RB,NE,188.7,11.1,11,23,,,,180,911,9,42,35,221,1,8.4,4,,,,,,,,6650,4,1044,18,2191,6,4459,4,
p00-0036973,3,Travis Etienne,RB,NO,235.9,13.88,8,27,,,,260,1107,7,52,36,292,6,9.8,10,,,,,,,,5630,22,1075,11,1603,28,4027,10,
p00-0035700,4,Josh Jacobs,RB,GB,219.1,14.61,11,28,,,,234,929,13,44,36,282,1,10.2,6,,,,,,,,5882,16,1010,23,2037,15,3845,18,
p00-0035261,4,Tony Pollard,RB,TEN,169.3,9.96,9,29,,,,242,1082,5,41,33,206,0,7.6,1,,,,,,,,4830,30,1004,26,1589,30,3241,29,
p00-0036275,4,D'Andre Swift,RB,CHI,211.6,13.22,10,27,,,,223,1087,9,48,34,299,1,9.4,1,,,,,,,,6442,6,1103,2,2451,3,3991,12,
p00-0037228,4,Jaylen Warren,RB,PIT,197.1,12.32,9,27,,,,211,958,6,45,40,333,2,9.6,5,,,,,,,,5388,25,988,28,1756,26,3632,22,
p00-0039361,4,Bucky Irving,RB,TB,123.5,12.35,10,24,,,,173,588,1,35,30,277,3,10.7,4,,,,,,,,5702,21,1068,13,1947,21,3755,19,
p00-0040730,4,RJ Harvey,RB,DEN,183.1,10.77,10,25,,,,146,540,7,58,47,356,5,10.2,11,,,,,,,,5949,12,1092,5,2018,16,3931,17,
p00-0036997,4,Javonte Williams,RB,DAL,225.3,14.08,14,26,,,,252,1201,11,51,35,137,2,8.6,12,,,,,,,,6871,1,1120,1,2136,9,4735,1,
p00-0040784,5,Quinshon Judkins,RB,CLE,154.8,11.06,11,22,,,,230,827,7,36,26,171,0,8.3,1,,,,,,,,4801,31,1030,19,1649,27,3152,31,
p00-0035685,5,David Montgomery,RB,HOU,152.9,9.0,8,29,,,,158,716,8,29,24,192,0,5.4,2,,,,,,,,5808,19,1088,6,1852,22,3956,14,
p00-0037256,5,Rachaad White,RB,WAS,123.0,7.24,7,27,,,,132,572,4,45,40,218,0,8.3,10,,,,,,,,5619,23,990,27,2290,4,3329,24,
p00-0040236,5,Kyle Monangai,RB,CHI,133.7,7.86,10,24,,,,169,783,5,30,18,164,0,5.7,3,,,,,,,,6442,6,1103,2,2451,3,3991,12,
p00-0033293,5,Aaron Jones,RB,MIN,104.7,8.72,6,31,,,,132,548,2,41,28,199,1,14.1,5,,,,,,,,5049,28,954,30,1841,23,3208,30,
p00-0040666,5,Omarion Hampton,RB,LAC,119.7,13.3,7,23,,,,124,545,4,35,32,192,1,11.8,2,,,,,,,,6020,10,1095,3,2067,12,3953,15,
p00-0036555,5,Chuba Hubbard,RB,CAR,110.4,7.36,5,27,,,,134,511,1,39,30,223,3,8.8,6,,,,,,,,5281,27,1011,22,1977,19,3304,27,
p00-0039165,5,Zach Charbonnet,RB,SEA,169.4,10.59,11,25,,,,184,730,12,24,20,144,0,5.2,3,,,,,,,,6159,7,1015,21,2096,11,4063,9,
p00-0036139,5,Rico Dowdle,RB,PIT,196.8,11.58,9,28,,,,236,1076,6,50,39,297,1,11.0,5,,,,,,,,5388,25,988,28,1756,26,3632,22,
p00-0036875,6,Rhamondre Stevenson,RB,NE,158.8,11.34,11,28,,,,130,603,7,37,32,345,2,9.8,5,,,,,,,,6650,4,1044,18,2191,6,4459,4,
p00-0036158,6,J.K. Dobbins,RB,DEN,110.4,11.04,10,27,,,,153,772,4,14,11,37,0,4.6,0,,,,,,,,5949,12,1092,5,2018,16,3931,17,
p00-0036919,6,Kenneth Gainwell,RB,TB,184.8,10.87,10,27,,,,114,537,5,85,73,486,3,16.3,17,,,,,,,,5702,21,1068,13,1947,21,3755,19,
p00-0040242,6,Jacory Croskey-Merritt,RB,WAS,135.8,7.99,7,25,,,,175,805,8,13,9,68,0,3.0,1,,,,,,,,5619,23,990,27,2290,4,3329,24,
p00-0040719,6,Bhayshul Tuten,RB,JAX,83.6,5.57,7,24,,,,83,307,5,14,10,79,2,3.0,2,,,,,,,,5982,11,1093,4,1956,20,4026,11,
p00-0033906,6,Alvin Kamara,RB,NO,84.2,7.65,8,31,,,,131,471,1,39,33,186,0,11.7,5,,,,,,,,5630,22,1075,11,1603,28,4027,10,
pBLA097235,7,Kaelon Black,RB,SF,0.0,0.0,8,,,,,,,,,,,,,,,,,,,,,6135,8,1082,10,1817,24,4318,6,
p00-0037525,7,Jordan Mason,RB,MIN,121.9,7.62,6,27,,,,159,758,6,16,14,51,0,3.5,1,,,,,,,,5049,28,954,30,1841,23,3208,30,
p00-0039384,7,Tyrone Tracy Jr.,RB,NYG,142.8,9.52,8,26,,,,176,740,2,48,36,288,2,10.8,5,,,,,,,,5898,15,1085,8,2195,5,3703,21,
p00-0040715,7,Cam Skattebo,RB,NYG,113.7,14.21,8,24,,,,101,410,5,32,24,207,2,12.9,4,,,,,,,,5898,15,1085,8,2195,5,3703,21,
p00-0040583,7,Woody Marks,RB,HOU,133.1,8.32,8,25,,,,196,703,2,36,24,208,3,6.8,8,,,,,,,,5808,19,1088,6,1852,22,3956,14,
p00-0033553,7,James Conner,RB,ARI,29.3,9.77,14,31,,,,32,95,1,9,8,38,1,9.9,1,,,,,,,,5937,14,1074,12,1583,31,4354,5,
p00-0037197,7,Isiah Pacheco,RB,DET,77.8,5.98,6,27,,,,118,462,1,26,19,101,1,6.8,4,,,,,,,,6608,5,1063,14,2041,14,4567,3,
p00-0037746,7,Brian Robinson,RB,ATL,58.5,3.44,11,27,,,,92,400,2,12,8,25,0,2.1,4,,,,,,,,5841,17,1048,17,2138,8,3703,20,
p00-0039032,8,Tyjae Spears,RB,TEN,89.2,6.86,9,25,,,,72,283,2,50,45,264,0,12.3,7,,,,,,,,4830,30,1004,26,1589,30,3241,29,
p00-0037263,8,Tyler Allgeier,RB,ARI,116.0,6.82,14,26,,,,143,514,8,16,14,96,0,3.2,1,,,,,,,,5937,14,1074,12,1583,31,4354,5,
p00-0037267,8,Jerome Ford,RB,WAS,30.6,2.35,7,26,,,,24,73,0,32,26,103,0,7.3,6,,,,,,,,5619,23,990,27,2290,4,3329,24,
p00-0035250,8,Devin Singletary,RB,NYG,97.8,5.75,8,29,,,,119,437,5,19,18,151,0,4.0,2,,,,,,,,5898,15,1085,8,2195,5,3703,21,
p00-0036900,1,Ja'Marr Chase,WR,CIN,251.1,15.69,6,26,,,,,,,185,125,1412,8,32.1,22,,,,,,,,5835,18,1057,16,1591,29,4244,7,80.0
p00-0036963,2,Amon-Ra St. Brown,WR,DET,265.5,15.62,6,26,,,,,,,172,117,1401,11,31.7,35,,,,,,,,6608,5,1063,14,2041,14,4567,3,
p00-0039075,2,Puka Nacua,WR,LA,310.5,19.41,11,25,,,,,,,166,129,1715,10,30.1,17,,,,,,,,6859,2,1086,7,2152,7,4707,2,
p00-0038543,2,Jaxon Smith-Njigba,WR,SEA,300.4,17.67,11,24,,,,,,,163,119,1793,10,36.8,17,,,,,,,,6159,7,1015,21,2096,11,4063,9,
p00-0036358,3,CeeDee Lamb,WR,DAL,163.4,12.57,14,27,,,,,,,117,75,1077,3,25.1,17,,,,,,,,6871,1,1120,1,2136,9,4735,1,
p00-0031381,3,Davante Adams,WR,LA,192.9,13.78,11,33,,,,,,,114,60,789,14,25.1,32,,,,,,,,6859,2,1086,7,2152,7,4707,2,
p00-0036322,3,Justin Jefferson,WR,MIN,159.5,9.38,6,27,,,,,,,141,84,1048,2,30.7,19,,,,,,,,5049,28,954,30,1841,23,3208,30,
p00-0037247,3,George Pickens,WR,DAL,243.4,14.32,14,25,,,,,,,137,93,1429,9,22.5,23,,,,,,,,6871,1,1120,1,2136,9,4735,1,
pTAT143045,3,Carnell Tate,WR,TEN,0.0,0.0,9,,,,,,,,,,,,,,,,,,,,,4830,30,1004,26,1589,30,3241,29,
pTYS405541,3,Jordyn Tyson,WR,NO,0.0,0.0,8,,,,,,,,,,,,,,,,,,,,,5630,22,1075,11,1603,28,4027,10,
pLEM694125,3,Makai Lemon,WR,PHI,0.0,0.0,10,,,,,,,,,,,,,,,,,,,,,5486,24,1010,25,1988,18,3498,23,
pCON046719,3,KC Concepcion,WR,CLE,0.0,0.0,11,,,,,,,,,,,,,,,,,,,,,4801,31,1030,19,1649,27,3152,31,
pCOO816508,3,Omar Cooper Jr.,WR,NYJ,0.0,0.0,13,,,,,,,,,,,,,,,,,,,,,4880,29,1010,24,2096,10,2784,32,
p00-0035676,3,A.J. Brown,WR,NE,181.3,12.09,11,29,,,,,,,121,78,1003,7,28.7,13,,,,,,,,6650,4,1044,18,2191,6,4459,4,
p00-0036554,3,Nico Collins,WR,HOU,188.7,12.58,8,27,,,,,,,120,71,1117,6,24.2,19,,,,,,,,5808,19,1088,6,1852,22,3956,14,
p00-0039064,3,Zay Flowers,WR,BAL,200.3,11.78,13,25,,,,,,,118,86,1211,5,29.9,12,,,,,,,,5940,13,974,29,2662,2,3278,28,
p00-0034348,4,Courtland Sutton,WR,DEN,180.7,10.63,10,30,,,,,,,124,74,1017,7,21.1,20,,,,,,,,5949,12,1092,5,2018,16,3931,17,
p00-0037238,4,Drake London,WR,ATL,165.9,13.83,11,25,,,,,,,112,68,919,7,29.7,16,,,,,,,,5841,17,1048,17,2138,8,3703,20,
p00-0040124,4,Tetairoa McMillan,WR,CAR,178.4,10.49,5,23,,,,,,,122,70,1014,7,25.7,15,,,,,,,,5281,27,1011,22,1977,19,3304,27,
p00-0034827,4,DJ Moore,WR,BUF,147.2,8.66,7,29,,,,,,,85,50,682,6,16.1,11,,,,,,,,6695,3,1082,9,2714,1,3981,13,
p00-0036410,4,Tee Higgins,WR,CIN,180.1,12.01,6,27,,,,,,,98,59,846,11,18.3,16,,,,,,,,5835,18,1057,16,1591,29,4244,7,
p00-0036912,4,DeVonta Smith,WR,PHI,163.3,9.61,10,27,,,,,,,113,77,1008,4,24.6,12,,,,,,,,5486,24,1010,25,1988,18,3498,23,
p00-0039915,4,Ladd McConkey,WR,LAC,147.9,9.24,7,24,,,,,,,106,66,789,6,21.1,15,,,,,,,,6020,10,1095,3,2067,12,3953,15,
pStriDe01,4,De'Zhaun Stribling,WR,SF,0.0,0.0,8,,,,,,,,,,,,,,,,,,,,,6135,8,1082,10,1817,24,4318,6,
pBOS677861,4,Denzel Boston,WR,CLE,0.0,0.0,11,,,,,,,,,,,,,,,,,,,,,4801,31,1030,19,1649,27,3152,31,
pBER218265,4,Germie Bernard,WR,PIT,0.0,0.0,9,,,,,,,,,,,,,,,,,,,,,5388,25,988,28,1756,26,3632,22,
p00-0037240,5,Jameson Williams,WR,DET,187.4,11.02,6,25,,,,,,,102,65,1117,7,18.6,9,,,,,,,,6608,5,1063,14,2041,14,4567,3,
p00-0035640,5,DK Metcalf,WR,PIT,157.7,10.51,9,28,,,,,,,99,59,850,6,22.4,13,,,,,,,,5388,25,988,28,1756,26,3632,22,
p00-0039893,5,Brian Thomas Jr.,WR,JAX,114.8,8.2,7,23,,,,,,,91,48,707,2,19.3,7,,,,,,,,5982,11,1093,4,1956,20,4026,11,
p00-0040129,5,Emeka Egbuka,WR,TB,162.2,9.54,10,23,,,,,,,127,63,938,6,23.6,15,,,,,,,,5702,21,1068,13,1947,21,3755,19,
p00-0037239,5,Chris Olave,WR,NO,219.0,13.69,8,26,,,,,,,156,100,1163,9,29.2,15,,,,,,,,5630,22,1075,11,1603,28,4027,10,
p00-0034960,5,Jakobi Meyers,WR,JAX,138.3,8.64,7,29,,,,,,,110,75,835,3,22.9,15,,,,,,,,5982,11,1093,4,1956,20,4026,11,
p00-0036252,5,Michael Pittman,WR,PIT,160.4,9.44,9,28,,,,,,,111,80,784,7,20.6,18,,,,,,,,5388,25,988,28,1756,26,3632,22,
p00-0035659,6,Terry McLaurin,WR,WAS,95.2,9.52,7,30,,,,,,,60,38,582,3,23.2,8,,,,,,,,5619,23,990,27,2290,4,3329,24,
p00-0038117,6,Wan'Dale Robinson,WR,TEN,171.9,10.74,9,25,,,,,,,140,92,1014,4,30.3,14,,,,,,,,4830,30,1004,26,1589,30,3241,29,
p00-0038994,6,Jordan Addison,WR,MIN,114.1,8.15,6,24,,,,,,,79,42,610,3,18.2,13,,,,,,,,5049,28,954,30,1841,23,3208,30,
pWIL143106,6,Antonio Williams,WR,WAS,0.0,0.0,7,,,,,,,,,,,,,,,,,,,,,5619,23,990,27,2290,4,3329,24,
pFIE775129,6,Malachi Fields,WR,NYG,0.0,0.0,8,,,,,,,,,,,,,,,,,,,,,5898,15,1085,8,2195,5,3703,21,
pDOU210628,6,Caleb Douglas,WR,MIA,0.0,0.0,6,,,,,,,,,,,,,,,,,,,,,5366,26,949,31,2044,13,3322,25,
pBRA531428,6,Zachariah Branch,WR,ATL,0.0,0.0,11,,,,,,,,,,,,,,,,,,,,,5841,17,1048,17,2138,8,3703,20,
pLAN311008,6,Ja'Kobi Lane,WR,BAL,0.0,0.0,13,,,,,,,,,,,,,,,,,,,,,5940,13,974,29,2662,2,3278,28,
pBRA836631,6,Chris Brazzell II,WR,CAR,0.0,0.0,5,,,,,,,,,,,,,,,,,,,,,5281,27,1011,22,1977,19,3304,27,
pHUR541377,6,Ted Hurst,WR,TB,0.0,0.0,10,,,,,,,,,,,,,,,,,,,,,5702,21,1068,13,1947,21,3755,19,
pTHO417520,6,Zavion Thomas,WR,CHI,0.0,0.0,10,,,,,,,,,,,,,,,,,,,,,6442,6,1103,2,2451,3,3991,12,
pBEL267684,6,Chris Bell,WR,MIA,0.0,0.0,6,,,,,,,,,,,,,,,,,,,,,5366,26,949,31,2044,13,3322,25,
p00-0036613,6,Jaylen Waddle,WR,DEN,162.1,10.13,10,27,,,,,,,100,64,910,6,23.3,11,,,,,,,,5949,12,1092,5,2018,16,3931,17,
p00-0031408,6,Mike Evans,WR,SF,69.8,8.73,8,33,,,,,,,62,30,368,3,24.3,9,,,,,,,,6135,8,1082,10,1817,24,4318,6,
p00-0037664,7,Alec Pierce,WR,IND,159.8,10.65,13,26,,,,,,,84,47,1003,6,17.6,9,,,,,,,,6092,9,1018,20,2007,17,4085,8,
p00-0038559,7,Michael Wilson,WR,ARI,181.6,10.68,14,26,,,,,,,126,78,1006,7,19.2,17,,,,,,,,5937,14,1074,12,1583,31,4354,5,
p00-0036259,7,Jauan Jennings,WR,MIN,143.8,9.59,6,29,,,,,,,90,55,643,9,19.9,22,,,,,,,,5049,28,954,30,1841,23,3208,30,
p00-0037740,7,Garrett Wilson,WR,NYJ,81.5,11.64,13,26,,,,,,,59,36,395,4,35.4,5,,,,,,,,4880,29,1010,24,2096,10,2784,32,
p00-0038544,7,Quentin Johnston,WR,LAC,145.7,11.21,7,25,,,,,,,84,51,735,8,20.0,15,,,,,,,,6020,10,1095,3,2067,12,3953,15,
p00-0036407,7,Jerry Jeudy,WR,CLE,95.7,5.63,11,27,,,,,,,106,50,602,2,20.5,9,,,,,,,,4801,31,1030,19,1649,27,3152,31,
p00-0039849,7,Marvin Harrison Jr.,WR,ARI,105.3,8.78,14,24,,,,,,,73,41,608,4,18.1,11,,,,,,,,5937,14,1074,12,1583,31,4354,5,
p00-0037261,7,Khalil Shakir,WR,BUF,130.4,8.15,7,26,,,,,,,95,72,719,4,21.1,15,,,,,,,,6695,3,1082,9,2714,1,3981,13,
p00-0037816,7,Romeo Doubs,WR,NE,135.9,8.49,11,26,,,,,,,85,55,724,6,18.9,18,,,,,,,,6650,4,1044,18,2191,6,4459,4,
p00-0038997,8,Josh Downs,WR,IND,109.4,6.84,13,25,,,,,,,88,58,566,4,17.5,15,,,,,,,,6092,9,1018,20,2007,17,4085,8,
p00-0038977,8,Tank Dell,WR,HOU,0.0,0.0,8,26,,,,,,,,,,,,,,,,,,,,5808,19,1088,6,1852,22,3956,14,
p00-0039919,8,Rome Odunze,WR,CHI,124.1,10.34,10,24,,,,,,,90,44,661,6,23.6,13,,,,,,,,6442,6,1103,2,2451,3,3991,12,
p00-0039894,8,Xavier Worthy,WR,KC,88.9,6.35,5,23,,,,,,,73,42,532,1,16.1,6,,,,,,,,5759,20,1061,15,1812,25,3947,16,
p00-0039337,8,Malik Nabers,WR,NYG,48.1,12.03,8,23,,,,,,,35,18,271,2,27.1,4,,,,,,,,5898,15,1085,8,2195,5,3703,21,
p00-0033908,8,Cooper Kupp,WR,SEA,91.8,5.74,11,33,,,,,,,70,47,593,2,16.0,13,,,,,,,,6159,7,1015,21,2096,11,4063,9,
p00-0038563,8,Tre Tucker,WR,LV,133.2,7.84,13,25,,,,,,,92,57,696,5,19.0,10,,,,,,,,4632,32,948,32,1317,32,3315,26,
p00-0040130,9,Jayden Higgins,WR,HOU,109.0,6.41,8,23,,,,,,,68,41,525,6,12.4,9,,,,,,,,5808,19,1088,6,1852,22,3956,14,
p00-0039067,9,Rashee Rice,WR,KC,121.6,15.2,5,26,,,,,,,78,53,571,5,29.0,19,,,,,,,,5759,20,1061,15,1812,25,3947,16,
p00-0034837,9,Calvin Ridley,WR,TEN,38.8,5.54,9,31,,,,,,,36,17,303,0,16.8,2,,,,,,,,4830,30,1004,26,1589,30,3241,29,
p00-0039146,9,Jayden Reed,WR,GB,39.0,7.8,11,26,,,,,,,22,19,207,1,17.1,4,,,,,,,,5882,16,1010,23,2037,15,3845,18,
p00-0040735,9,Luther Burden III,WR,CHI,104.4,6.96,10,22,,,,,,,60,47,652,2,13.1,4,,,,,,,,6442,6,1103,2,2451,3,3991,12,
p00-0039868,9,Troy Franklin,WR,DEN,138.6,8.15,10,23,,,,,,,104,65,709,6,18.2,21,,,,,,,,5949,12,1092,5,2018,16,3931,17,
p00-0036261,9,Brandon Aiyuk,WR,SF,0.0,0.0,8,28,,,,,,,,,,,,,,,,,,,,6135,8,1082,10,1817,24,4318,6,
p00-0038124,9,Christian Watson,WR,GB,114.9,11.49,11,27,,,,,,,55,35,611,6,20.3,6,,,,,,,,5882,16,1010,23,2037,15,3845,18,
p00-0037744,1,Trey McBride,TE,ARI,252.9,14.88,14,26,,,,,,,169,126,1239,11,27.9,34,,,,,,,,5937,14,1074,12,1583,31,4354,5,
p00-0039338,2,Brock Bowers,TE,LV,142.2,11.85,13,23,,,,,,,86,64,680,7,23.4,18,,,,,,,,4632,32,948,32,1317,32,3315,26,
p00-0033288,2,George Kittle,TE,SF,133.0,12.09,8,32,,,,,,,69,57,628,7,21.5,13,,,,,,,,6135,8,1082,10,1817,24,4318,6,
p00-0030506,2,Travis Kelce,TE,KC,153.2,9.01,5,36,,,,,,,108,76,851,5,20.0,13,,,,,,,,5759,20,1061,15,1812,25,3947,16,
p00-0040128,2,Tyler Warren,TE,IND,150.5,8.85,13,24,,,,,,,112,76,817,4,21.5,23,,,,,,,,6092,9,1018,20,2007,17,4085,8,
p00-0040663,2,Harold Fannin Jr.,TE,CLE,150.4,9.4,11,22,,,,,,,107,72,731,6,21.8,11,,,,,,,,4801,31,1030,19,1649,27,3152,31,
p00-0036970,2,Kyle Pitts,TE,ATL,166.8,9.81,11,25,,,,,,,118,88,928,5,22.7,13,,,,,,,,5841,17,1048,17,2138,8,3703,20,
p00-0040126,2,Colston Loveland,TE,CHI,136.1,8.51,10,22,,,,,,,82,58,713,6,16.6,15,,,,,,,,6442,6,1103,2,2451,3,3991,12,
pSAD482340,2,Kenyon Sadiq,TE,NYJ,0.0,0.0,13,,,,,,,,,,,,,,,,,,,,,4880,29,1010,24,2096,10,2784,32,
p00-0033090,3,Hunter Henry,TE,NE,148.8,8.75,11,31,,,,,,,87,60,768,7,17.4,22,,,,,,,,6650,4,1044,18,2191,6,4459,4,
p00-0034753,3,Mark Andrews,TE,BAL,107.0,6.29,13,31,,,,,,,70,48,422,5,17.1,15,,,,,,,,5940,13,974,29,2662,2,3278,28,
p00-0039065,3,Sam LaPorta,TE,DET,86.9,9.66,6,25,,,,,,,49,40,489,3,18.5,6,,,,,,,,6608,5,1063,14,2041,14,4567,3,
p00-0034351,3,Dallas Goedert,TE,PHI,155.1,10.34,10,31,,,,,,,82,60,591,11,20.8,15,,,,,,,,5486,24,1010,25,1988,18,3498,23,
p00-0038041,3,Jake Ferguson,TE,DAL,145.1,8.54,14,27,,,,,,,102,82,600,8,16.5,25,,,,,,,,6871,1,1120,1,2136,9,4735,1,
p00-0034383,3,Dalton Schultz,TE,HOU,136.7,8.04,8,30,,,,,,,106,82,777,3,19.1,12,,,,,,,,5808,19,1088,6,1852,22,3956,14,
p00-0036040,3,Juwan Johnson,TE,NO,141.4,8.32,8,29,,,,,,,102,77,889,3,17.7,8,,,,,,,,5630,22,1075,11,1603,28,4027,10,
p00-0040189,4,Oronde Gadsden II,TE,LAC,106.9,7.13,7,23,,,,,,,69,49,664,3,14.4,15,,,,,,,,6020,10,1095,3,2067,12,3953,15,
p00-0038996,4,Tucker Kraft,TE,GB,101.2,12.65,11,25,,,,,,,44,32,489,6,19.0,12,,,,,,,,5882,16,1010,23,2037,15,3845,18,
p00-0036894,4,Pat Freiermuth,TE,PIT,93.1,6.21,9,27,,,,,,,54,41,486,4,11.3,9,,,,,,,,5388,25,988,28,1756,26,3632,22,
pSTO806346,4,Eli Stowers,TE,PHI,0.0,0.0,10,,,,,,,,,,,,,,,,,,,,,5486,24,1010,25,1988,18,3498,23,
pBOE586077,4,Nate Boerkircher,TE,JAX,0.0,0.0,7,,,,,,,,,,,,,,,,,,,,,5982,11,1093,4,1956,20,4026,11,
pKLE258860,4,Marlin Klein,TE,HOU,0.0,0.0,8,,,,,,,,,,,,,,,,,,,,,5808,19,1088,6,1852,22,3956,14,
pKLA269938,4,Max Klare,TE,LA,0.0,0.0,11,,,,,,,,,,,,,,,,,,,,,6859,2,1086,7,2152,7,4707,2,
p00-0033885,5,David Njoku,TE,LAC,69.8,6.35,7,30,,,,,,,48,33,293,4,12.5,9,,,,,,,,6020,10,1095,3,2067,12,3953,15,
p00-0038129,5,Cade Otton,TE,TB,92.7,6.18,10,27,,,,,,,81,59,572,1,17.4,7,,,,,,,,5702,21,1068,13,1947,21,3755,19,
p00-0038933,5,Dalton Kincaid,TE,BUF,106.6,8.88,7,26,,,,,,,49,39,571,5,14.9,9,,,,,,,,6695,3,1082,9,2714,1,3981,13,
p00-0039793,5,AJ Barner,TE,SEA,121.3,7.14,11,24,,,,,,,68,52,519,6,13.8,13,,,,,,,,6159,7,1015,21,2096,11,4063,9,
p00-0035229,5,T.J. Hockenson,TE,MIN,87.3,5.82,6,29,,,,,,,66,51,438,3,15.9,11,,,,,,,,5049,28,954,30,1841,23,3208,30,
p00-0037809,5,Chig Okonkwo,TE,WAS,96.0,5.65,7,27,,,,,,,79,56,560,2,15.0,5,,,,,,,,5619,23,990,27,2290,4,3329,24,
pROU550040,6,Sam Roush,TE,CHI,0.0,0.0,10,,,,,,,,,,,,,,,,,,,,,6442,6,1103,2,2451,3,3991,12,
pDelpOs01,6,Oscar Delp,TE,NO,0.0,0.0,8,,,,,,,,,,,,,,,,,,,,,5630,22,1075,11,1603,28,4027,10,
pKAC282861,6,Will Kacmarek,TE,MIA,0.0,0.0,6,,,,,,,,,,,,,,,,,,,,,5366,26,949,31,2044,13,3322,25,
pRAR148318,6,Eli Raridon,TE,NE,0.0,0.0,11,,,,,,,,,,,,,,,,,,,,,6650,4,1044,18,2191,6,4459,4,
p00-0037692,1,Brandon Aubrey,K,DAL,180.6,10.62,14,31,,,,,,,,,,,,,36,42,47,,,,,,,,,,,,,
p00-0031492,1,Jason Myers,K,SEA,197.0,11.59,11,35,,,,,,,,,,,,,41,48,48,,,,,,,,,,,,,
p00-0032726,1,Ka'imi Fairbairn,K,HOU,186.0,12.4,8,32,,,,,,,,,,,,,44,48,28,,,,,,,,,,,,,
p00-0037224,1,Cameron Dicker,K,LAC,163.0,9.59,7,26,,,,,,,,,,,,,38,41,34,,,,,,,,,,,,,
p00-0031136,2,Chris Boswell,K,PIT,146.0,8.59,9,35,,,,,,,,,,,,,27,32,42,,,,,,,,,,,,,
p00-0034794,2,p00-0034794,,,,,,30,,,,,,,,,,,,,,,,,,,,,,,,,,,,
p00-0039172,2,Jake Bates,K,DET,146.0,8.59,6,27,,,,,,,,,,,,,27,34,54,,,,,,,,,,,,,
p00-0035358,2,Chase McLaughlin,K,TB,151.0,8.88,10,30,,,,,,,,,,,,,32,38,32,,,,,,,,,,,,,
p00-0039409,2,Cam Little,K,JAX,161.0,9.47,7,23,,,,,,,,,,,,,30,34,50,,,,,,,,,,,,,
p00-0039404,2,Will Reichard,K,MIN,154.0,9.06,6,25,,,,,,,,,,,,,33,35,31,,,,,,,,,,,,,
p00-0040200,2,Andy Borregales,K,NE,141.0,8.29,11,23,,,,,,,,,,,,,27,32,53,,,,,,,,,,,,,
p00-0036162,2,Tyler Bass,K,BUF,0.0,0.0,7,29,,,,,,,,,,,,,,,,,,,,,,,,,,,,
p00-0032569,2,Wil Lutz,K,DEN,124.0,7.29,10,32,,,,,,,,,,,,,28,32,39,,,,,,,,,,,,,
p00-0040074,2,Tyler Loop,K,BAL,134.0,7.88,13,25,,,,,,,,,,,,,30,34,44,,,,,,,,,,,,,
p00-0033787,3,Jake Elliott,K,PHI,113.0,6.65,10,31,,,,,,,,,,,,,20,27,41,,,,,,,,,,,,,
p00-0033303,3,Harrison Butker,K,KC,139.0,8.18,5,31,,,,,,,,,,,,,33,38,31,,,,,,,,,,,,,
p00-0031203,3,Cairo Santos,K,CHI,129.0,8.6,10,34,,,,,,,,,,,,,25,30,39,,,,,,,,,,,,,
p00-0035192,3,Joey Slye,K,TEN,129.0,8.06,9,30,,,,,,,,,,,,,28,35,26,,,,,,,,,,,,,
p00-0036854,3,Evan McPherson,K,CIN,133.0,7.82,6,27,,,,,,,,,,,,,25,28,41,,,,,,,,,,,,,
p00-0034173,3,Eddy Pineiro,K,SF,135.0,9.64,8,30,,,,,,,,,,,,,28,29,34,,,,,,,,,,,,,
p00-0025565,3,Nick Folk,K,ATL,122.0,7.62,11,41,,,,,,,,,,,,,28,29,22,,,,,,,,,,,,,
p00-0038567,3,Chad Ryland,K,ARI,125.0,7.35,14,26,,,,,,,,,,,,,25,33,36,,,,,,,,,,,,,
p00-0035269,3,Matt Gay,K,LV,87.0,7.25,13,32,,,,,,,,,,,,,17,23,26,,,,,,,,,,,,,
p00-0038428,3,Andre Szmyt,K,CLE,108.0,6.35,11,27,,,,,,,,,,,,,24,27,25,,,,,,,,,,,,,
p00-0040279,3,Ryan Fitzgerald,K,CAR,105.0,6.18,5,26,,,,,,,,,,,,,24,29,27,,,,,,,,,,,,,
p00-0038562,4,Jake Moody,K,WAS,76.0,8.44,7,26,,,,,,,,,,,,,19,23,15,,,,,,,,,,,,,
p00-0036816,4,Riley Patterson,K,MIA,127.0,7.47,6,27,,,,,,,,,,,,,27,29,34,,,,,,,,,,,,,
p00-0039498,4,Harrison Mevis,K,LA,79.0,8.78,11,24,,,,,,,,,,,,,12,13,39,,,,,,,,,,,,,
p00-0033702,4,Younghoe Koo,K,NYJ,31.0,5.17,13,32,,,,,,,,,,,,,6,9,13,,,,,,,,,,,,,
p00-0039229,5,Charlie Smyth,K,NO,59.0,9.83,8,25,,,,,,,,,,,,,12,16,13,,,,,,,,,,,,,
p00-0039576,5,Spencer Shrader,K,IND,52.0,10.4,13,27,,,,,,,,,,,,,13,14,14,,,,,,,,,,,,,
p00-0038152,5,Lucas Havrisik,K,GB,23.0,7.67,11,26,,,,,,,,,,,,,4,4,7,,,,,,,,,,,,,
dLA,1,LA,DST,LA,120.0,7.06,11,,,,,,,,,,,,,,,,,20.4,47,16,2,,,,,,,,,
dDEN,1,DEN,DST,DEN,142.0,8.35,10,,,,,,,,,,,,,,,,,18.3,68,10,2,,,,,,,,,
dSEA,1,SEA,DST,SEA,171.0,10.06,11,,,,,,,,,,,,,,,,,17.2,47,18,5,,,,,,,,,
dNE,2,NE,DST,NE,127.0,7.47,11,,,,,,,,,,,,,,,,,18.8,34,10,4,,,,,,,,,
dHOU,2,HOU,DST,HOU,154.0,9.06,8,,,,,,,,,,,,,,,,,17.4,47,19,1,,,,,,,,,
dLAC,2,LAC,DST,LAC,120.0,7.06,7,,,,,,,,,,,,,,,,,20.0,45,19,0,,,,,,,,,
dSF,2,SF,DST,SF,55.0,3.24,8,,,,,,,,,,,,,,,,,21.8,20,6,1,,,,,,,,,
dBAL,2,BAL,DST,BAL,66.0,3.88,13,,,,,,,,,,,,,,,,,23.4,30,11,1,,,,,,,,,
dPHI,2,PHI,DST,PHI,122.0,7.18,10,,,,,,,,,,,,,,,,,19.1,42,12,3,,,,,,,,,
dMIN,2,MIN,DST,MIN,132.0,7.76,6,,,,,,,,,,,,,,,,,19.6,49,8,1,,,,,,,,,
dDET,3,DET,DST,DET,85.0,5.0,6,,,,,,,,,,,,,,,,,24.3,48,13,1,,,,,,,,,
dKC,3,KC,DST,KC,85.0,5.0,5,,,,,,,,,,,,,,,,,19.3,33,10,0,,,,,,,,,
dATL,3,ATL,DST,ATL,108.0,6.35,11,,,,,,,,,,,,,,,,,23.6,57,16,1,,,,,,,,,
dBUF,3,BUF,DST,BUF,107.0,6.29,7,,,,,,,,,,,,,,,,,21.5,36,13,2,,,,,,,,,
dPIT,3,PIT,DST,PIT,94.0,5.53,9,,,,,,,,,,,,,,,,,22.8,48,15,1,,,,,,,,,
dCHI,3,CHI,DST,CHI,87.0,5.12,10,,,,,,,,,,,,,,,,,24.4,35,23,2,,,,,,,,,
dGB,4,GB,DST,GB,81.0,4.76,11,,,,,,,,,,,,,,,,,21.2,36,7,0,,,,,,,,,
dLV,4,LV,DST,LV,73.0,4.29,13,,,,,,,,,,,,,,,,,25.4,36,8,0,,,,,,,,,
dJAX,4,JAX,DST,JAX,140.0,8.24,7,,,,,,,,,,,,,,,,,19.8,32,22,4,,,,,,,,,
dNO,4,NO,DST,NO,102.0,6.0,8,,,,,,,,,,,,,,,,,22.5,44,10,1,,,,,,,,,
dTEN,4,TEN,DST,TEN,58.0,3.41,9,,,,,,,,,,,,,,,,,28.1,42,6,3,,,,,,,,,
dCIN,4,CIN,DST,CIN,38.0,2.24,6,,,,,,,,,,,,,,,,,28.9,34,13,2,,,,,,,,,
dNYG,4,NYG,DST,NYG,44.0,2.59,8,,,,,,,,,,,,,,,,,25.8,38,9,1,,,,,,,,,
dCLE,4,CLE,DST,CLE,134.0,7.88,11,,,,,,,,,,,,,,,,,22.3,53,11,3,,,,,,,,,
dIND,4,IND,DST,IND,68.0,4.0,13,,,,,,,,,,,,,,,,,24.2,39,14,1,,,,,,,,,
dNYJ,5,NYJ,DST,NYJ,22.0,1.29,13,,,,,,,,,,,,,,,,,29.6,26,0,4,,,,,,,,,
dDAL,5,DAL,DST,DAL,20.0,1.18,14,,,,,,,,,,,,,,,,,30.1,34,6,2,,,,,,,,,
dTB,5,TB,DST,TB,86.0,5.06,10,,,,,,,,,,,,,,,,,24.2,37,13,2,,,,,,,,,
dCAR,5,CAR,DST,CAR,97.0,5.71,5,,,,,,,,,,,,,,,,,22.4,30,15,2,,,,,,,,,
dMIA,5,MIA,DST,MIA,67.0,3.94,6,,,,,,,,,,,,,,,,,24.9,39,9,1,,,,,,,,,
dWAS,5,WAS,DST,WAS,41.0,2.41,7,,,,,,,,,,,,,,,,,26.5,42,8,2,,,,,,,,,
dARI,6,ARI,DST,ARI,37.0,2.18,14,,,,,,,,,,,,,,,,,28.7,30,10,0,,,,,,,,,
