date,name,team_pos,proj_value,avg_cost,pct_drafted,all_dollars
2026-07-28,Jahmyr Gibbs,DET - RB,62,72.9,100,62|72.9
2026-07-28,Bijan Robinson,ATL - RB,61,72.5,100,61|72.5
2026-07-28,Ja'Marr Chase,CIN - WR,60,66.0,100,60|66
2026-07-28,Puka Nacua,LAR - WR,59,63.1,100,59|63.1
2026-07-28,Christian McCaffrey,SF - RB,57,61.1,100,57|61.1
2026-07-28,Jaxon Smith-Njigba,SEA - WR,58,60.4,100,58|60.4
2026-07-28,Jonathan Taylor,IND - RB,55,57.8,100,55|57.8
2026-07-28,Amon-Ra St. Brown,DET - WR,54,54.4,100,54|54.4
2026-07-28,CeeDee Lamb,DAL - WR,52,54.0,100,52|54
2026-07-28,James Cook III,BUF - RB,50,53.6,100,50|53.6
2026-07-28,Justin Jefferson,MIN - WR,48,48.7,100,48|48.7
2026-07-28,Ashton Jeanty,LV - RB,46,48.2,100,46|48.2
2026-07-28,Saquon Barkley,PHI - RB,44,46.1,100,44|46.1
2026-07-28,De'Von Achane,MIA - RB,36,44.8,100,36|44.8
2026-07-28,Chase Brown,CIN - RB,42,44.6,100,42|44.6
2026-07-28,Omarion Hampton,LAC - RB,37,42.8,100,37|42.8
2026-07-28,Drake London,ATL - WR,43,41.3,100,43|41.3
2026-07-28,Kenneth Walker III,KC - RB,42,38.9,100,42|38.9
2026-07-28,Nico Collins,HOU - WR,41,37.4,100,41|37.4
2026-07-28,Brock Bowers,LV - TE,38,37.2,100,38|37.2
2026-07-28,Derrick Henry,BAL - RB,35,36.2,100,35|36.2
2026-07-28,Trey McBride,ARI - TE,31,32.7,100,31|32.7
2026-07-28,Josh Allen,BUF - QB,29,32.6,100,29|32.6
2026-07-28,George Pickens,DAL - WR,34,32.2,100,34|32.2
2026-07-28,Jeremiyah Love,ARI - RB,30,31.1,100,30|31.1
2026-07-28,A.J. Brown,NE - WR,32,28.2,100,32|28.2
2026-07-28,Josh Jacobs,GB - RB,21,26.7,100,21|26.7
2026-07-28,Malik Nabers,NYG - WR,14,26.1,100,14|26.1
2026-07-28,Chris Olave,NO - WR,27,24.7,100,27|24.7
2026-07-28,Kyren Williams,LAR - RB,25,24.2,100,25|24.2
2026-07-28,Rashee Rice,KC - WR,26,23.9,100,26|23.9
2026-07-28,DeVonta Smith,PHI - WR,33,23.6,100,33|23.6
2026-07-28,Javonte Williams,DAL - RB,23,21.2,100,23|21.2
2026-07-28,Tee Higgins,CIN - WR,28,19.7,100,28|19.7
2026-07-28,Lamar Jackson,BAL - QB,17,19.4,100,17|19.4
2026-07-28,Breece Hall,NYJ - RB,20,19.3,100,20|19.3
2026-07-28,Tetairoa McMillan,CAR - WR,19,18.9,100,19|18.9
2026-07-28,Colston Loveland,CHI - TE,20,18.3,100,20|18.3
2026-07-28,Travis Etienne Jr.,NO - RB,17,17.9,100,17|17.9
2026-07-28,Cam Skattebo,NYG - RB,17,15.6,100,17|15.6
2026-07-28,Zay Flowers,BAL - WR,24,14.6,100,24|14.6
2026-07-28,Garrett Wilson,NYJ - WR,18,14.5,100,18|14.5
2026-07-28,Ladd McConkey,LAC - WR,17,13.3,100,17|13.3
2026-07-28,Jaylen Waddle,DEN - WR,26,12.7,100,26|12.7
2026-07-28,Drake Maye,NE - QB,8,12.7,100,8|12.7
2026-07-28,Bucky Irving,TB - RB,7,12.6,100,7|12.6
2026-07-28,Emeka Egbuka,TB - WR,17,12.4,100,17|12.4
2026-07-28,Davante Adams,LAR - WR,15,12.4,100,15|12.4
2026-07-28,Tyler Warren,IND - TE,8,12.3,100,8|12.3
2026-07-28,Joe Burrow,CIN - QB,11,11.5,100,11|11.5
2026-07-28,David Montgomery,HOU - RB,10,11.4,100,10|11.4
2026-07-28,Luther Burden III,CHI - WR,16,11.0,100,16|11
2026-07-28,D'Andre Swift,CHI - RB,15,11.0,100,15|11
2026-07-28,Quinshon Judkins,CLE - RB,12,10.7,100,12|10.7
2026-07-28,Terry McLaurin,WAS - WR,17,9.8,100,17|9.8
2026-07-28,TreVeyon Henderson,NE - RB,7,9.7,100,7|9.7
2026-07-28,Jadarian Price,SEA - RB,6,8.3,100,6|8.3
2026-07-28,Brian Robinson,ATL - RB,1,8.3,4,1|8.3
2026-07-28,Bhayshul Tuten,JAX - RB,8,8.2,100,8|8.2
2026-07-28,Jayden Daniels,WAS - QB,9,7.9,100,9|7.9
2026-07-28,Jameson Williams,DET - WR,13,7.3,100,13|7.3
2026-07-28,DJ Moore,BUF - WR,9,6.8,100,9|6.8
2026-07-28,Jalen Hurts,PHI - QB,7,6.7,100,7|6.7
2026-07-28,Mike Evans,SF - WR,7,6.5,100,7|6.5
2026-07-28,Tucker Kraft,GB - TE,5,6.3,100,5|6.3
2026-07-28,Chuba Hubbard,CAR - RB,5,5.9,100,5|5.9
2026-07-28,Christian Watson,GB - WR,13,5.2,100,13|5.2
2026-07-28,Brandon Aubrey,DAL - K,1,4.9,100,1|4.9
2026-07-28,Rome Odunze,CHI - WR,11,4.8,100,11|4.8
2026-07-28,Sam LaPorta,DET - TE,4,4.2,100,4|4.2
2026-07-28,Jaylen Warren,PIT - RB,5,4.1,100,5|4.1
2026-07-28,Justin Herbert,LAC - QB,5,3.9,100,5|3.9
2026-07-28,Harold Fannin Jr.,CLE - TE,3,3.9,100,3|3.9
2026-07-28,Carnell Tate,TEN - WR,5,3.7,100,5|3.7
2026-07-28,Rico Dowdle,PIT - RB,3,3.7,100,3|3.7
2026-07-28,Jaxson Dart,NYG - QB,2,3.7,100,2|3.7
2026-07-28,Texans,HOU - DEF,1,3.7,100,1|3.7
2026-07-28,Rams,LAR - DEF,1,3.7,100,1|3.7
2026-07-28,Marvin Harrison Jr.,ARI - WR,5,3.6,100,5|3.6
2026-07-28,Alec Pierce,IND - WR,4,3.6,100,4|3.6
2026-07-28,Dak Prescott,DAL - QB,3,3.5,100,3|3.5
2026-07-28,Caleb Williams,CHI - QB,5,3.4,100,5|3.4
2026-07-28,Tony Pollard,TEN - RB,4,3.4,100,4|3.4
2026-07-28,Kyle Pitts Sr.,ATL - TE,3,3.4,100,3|3.4
2026-07-28,Rhamondre Stevenson,NE - RB,5,3.1,100,5|3.1
2026-07-28,RJ Harvey,DEN - RB,2,2.8,100,2|2.8
2026-07-28,Jonathon Brooks,CAR - RB,2,2.8,72,2|2.8
2026-07-28,Blake Corum,LAR - RB,3,2.7,100,3|2.7
2026-07-28,Kyle Monangai,CHI - RB,2,2.7,100,2|2.7
2026-07-28,George Kittle,SF - TE,2,2.7,100,2|2.7
2026-07-28,Brian Thomas Jr.,JAX - WR,7,2.5,100,7|2.5
2026-07-28,Trevor Lawrence,JAX - QB,4,2.5,100,4|2.5
2026-07-28,Broncos,DEN - DEF,1,2.5,100,1|2.5
2026-07-28,DK Metcalf,PIT - WR,4,2.4,100,4|2.4
2026-07-28,J.K. Dobbins,DEN - RB,2,2.4,100,2|2.4
2026-07-28,Patrick Mahomes,KC - QB,2,2.4,100,2|2.4
2026-07-28,Greg Dulcich,MIA - TE,1,2.4,2,1|2.4
2026-07-28,Travis Kelce,KC - TE,2,2.3,100,2|2.3
2026-07-28,Jordyn Tyson,NO - WR,3,2.2,100,3|2.2
2026-07-28,Seahawks,SEA - DEF,1,2.1,100,1|2.1
2026-07-28,Kenny Gainwell,TB - RB,2,1.9,97,2|1.9
2026-07-28,Aaron Jones Sr.,MIN - RB,2,1.9,90,2|1.9
2026-07-28,Chris Godwin Jr.,TB - WR,3,1.8,100,3|1.8
2026-07-28,Makai Lemon,PHI - WR,3,1.8,100,3|1.8
2026-07-28,Zach Charbonnet,SEA - RB,1,1.8,41,1|1.8
2026-07-28,Parker Washington,JAX - WR,6,1.7,100,6|1.7
2026-07-28,Courtland Sutton,DEN - WR,2,1.7,100,2|1.7
2026-07-28,Michael Wilson,ARI - WR,2,1.7,99,2|1.7
2026-07-28,Rachaad White,WAS - RB,2,1.7,76,2|1.7
2026-07-28,Isaiah Likely,NYG - TE,2,1.7,99,2|1.7
2026-07-28,Matthew Stafford,LAR - QB,2,1.7,99,2|1.7
2026-07-28,Ka'imi Fairbairn,HOU - K,1,1.7,100,1|1.7
2026-07-28,Jordan Mason,MIN - RB,2,1.6,71,2|1.6
2026-07-28,Jacory Croskey-Merritt,WAS - RB,2,1.5,93,2|1.5
2026-07-28,Cameron Dicker,LAC - K,1,1.5,100,1|1.5
2026-07-28,Cam Little,JAX - K,1,1.5,100,1|1.5
2026-07-28,Packers,GB - DEF,1,1.5,23,1|1.5
2026-07-28,Tyreek Hill,MIA - WR,1,1.5,9,1|1.5
2026-07-28,Chase McLaughlin,TB - K,0,1.5,15,0|1.5
2026-07-28,Giants,NYG - DEF,0,1.5,3,0|1.5
2026-07-28,49ers,SF - DEF,0,1.5,8,0|1.5
2026-07-28,Brock Purdy,SF - QB,2,1.4,99,2|1.4
2026-07-28,Bo Nix,DEN - QB,2,1.4,99,2|1.4
2026-07-28,Jared Goff,DET - QB,2,1.4,92,2|1.4
2026-07-28,Harrison Mevis,LAR - K,0,1.4,33,0|1.4
2026-07-28,David Njoku,LAC - TE,1,1.4,3,1|1.4
2026-07-28,Quentin Johnston,LAC - WR,3,1.3,83,3|1.3
2026-07-28,Ricky Pearsall,SF - WR,3,1.3,99,3|1.3
2026-07-28,Kyler Murray,MIN - QB,2,1.3,97,2|1.3
2026-07-28,Dalton Kincaid,BUF - TE,2,1.3,100,2|1.3
2026-07-28,Dallas Goedert,PHI - TE,2,1.3,99,2|1.3
2026-07-28,Matthew Golden,GB - WR,2,1.3,25,2|1.3
2026-07-28,KC Concepcion,CLE - WR,2,1.3,25,2|1.3
2026-07-28,Jake Ferguson,DAL - TE,1,1.3,98,1|1.3
2026-07-28,Bryce Young,CAR - QB,1,1.3,2,1|1.3
2026-07-28,Sam Darnold,SEA - QB,1,1.3,13,1|1.3
2026-07-28,Eagles,PHI - DEF,1,1.3,100,1|1.3
2026-07-28,Cam Ward,TEN - QB,1,1.3,3,1|1.3
2026-07-28,Jason Myers,SEA - K,1,1.3,100,1|1.3
2026-07-28,AJ Barner,SEA - TE,1,1.3,4,1|1.3
2026-07-28,Chiefs,KC - DEF,1,1.3,9,1|1.3
2026-07-28,Jake Bates,DET - K,1,1.3,31,1|1.3
2026-07-28,Will Reichard,MIN - K,1,1.3,11,1|1.3
2026-07-28,Lions,DET - DEF,1,1.3,29,1|1.3
2026-07-28,Bills,BUF - DEF,1,1.3,11,1|1.3
2026-07-28,Pat Freiermuth,PIT - TE,1,1.3,2,1|1.3
2026-07-28,Josh Downs,IND - WR,2,1.2,90,2|1.2
2026-07-28,Michael Pittman Jr.,PIT - WR,2,1.2,94,2|1.2
2026-07-28,Jakobi Meyers,JAX - WR,2,1.2,83,2|1.2
2026-07-28,Mark Andrews,BAL - TE,2,1.2,98,2|1.2
2026-07-28,Chris Rodriguez Jr.,JAX - RB,2,1.2,28,2|1.2
2026-07-28,Romeo Doubs,NE - WR,2,1.2,34,2|1.2
2026-07-28,Tyrone Tracy Jr.,NYG - RB,2,1.2,26,2|1.2
2026-07-28,Jordan Love,GB - QB,2,1.2,58,2|1.2
2026-07-28,Tyler Shough,NO - QB,1,1.2,34,1|1.2
2026-07-28,Tank Bigsby,PHI - RB,1,1.2,4,1|1.2
2026-07-28,Alvin Kamara,NO - RB,1,1.2,19,1|1.2
2026-07-28,C.J. Stroud,HOU - QB,1,1.2,9,1|1.2
2026-07-28,Steelers,PIT - DEF,1,1.2,79,1|1.2
2026-07-28,Chargers,LAC - DEF,1,1.2,74,1|1.2
2026-07-28,Ravens,BAL - DEF,1,1.2,40,1|1.2
2026-07-28,Chris Boswell,PIT - K,1,1.2,47,1|1.2
2026-07-28,Terrance Ferguson,LAR - TE,1,1.2,2,1|1.2
2026-07-28,Dalton Schultz,HOU - TE,1,1.2,4,1|1.2
2026-07-28,Aaron Rodgers,PIT - QB,0,1.2,2,0|1.2
2026-07-28,Jayden Reed,GB - WR,2,1.1,90,2|1.1
2026-07-28,Jordan Addison,MIN - WR,2,1.1,93,2|1.1
2026-07-28,Jayden Higgins,HOU - WR,2,1.1,20,2|1.1
2026-07-28,Stefon Diggs,NE - WR,2,1.1,25,2|1.1
2026-07-28,Jalen Coker,CAR - WR,2,1.1,6,2|1.1
2026-07-28,Wan'Dale Robinson,TEN - WR,2,1.1,51,2|1.1
2026-07-28,Malik Willis,MIA - QB,1,1.1,52,1|1.1
2026-07-28,Baker Mayfield,TB - QB,1,1.1,40,1|1.1
2026-07-28,Keaton Mitchell,LAC - RB,1,1.1,6,1|1.1
2026-07-28,Tyler Allgeier,ARI - RB,1,1.1,39,1|1.1
2026-07-28,Rashid Shaheed,SEA - WR,1,1.1,10,1|1.1
2026-07-28,Chig Okonkwo,WAS - TE,1,1.1,32,1|1.1
2026-07-28,Tyjae Spears,TEN - RB,1,1.1,5,1|1.1
2026-07-28,Isiah Pacheco,DET - RB,1,1.1,17,1|1.1
2026-07-28,Khalil Shakir,BUF - WR,1,1.1,15,1|1.1
2026-07-28,Daniel Jones,IND - QB,1,1.1,6,1|1.1
2026-07-28,Hunter Henry,NE - TE,1,1.1,59,1|1.1
2026-07-28,Patriots,NE - DEF,1,1.1,99,1|1.1
2026-07-28,Vikings,MIN - DEF,1,1.1,97,1|1.1
2026-07-28,Jaguars,JAX - DEF,1,1.1,84,1|1.1
2026-07-28,Tyler Loop,BAL - K,1,1.1,96,1|1.1
2026-07-28,T.J. Hockenson,MIN - TE,1,1.1,11,1|1.1
2026-07-28,Andy Borregales,NE - K,1,1.1,72,1|1.1
2026-07-28,Eddy Pineiro,SF - K,1,1.1,82,1|1.1
2026-07-28,Evan McPherson,CIN - K,1,1.1,51,1|1.1
2026-07-28,Brandon Aiyuk,SF - WR,1,1.1,3,1|1.1
2026-07-28,Fernando Mendoza,LV - QB,0,1.1,5,0|1.1
2026-07-28,Browns,CLE - DEF,1,1.1,9,1|1.1
2026-07-28,Xavier Worthy,KC - WR,2,1.0,69,2|1
2026-07-28,Jonah Coleman,DEN - RB,1,1.0,8,1|1
2026-07-28,Woody Marks,HOU - RB,1,1.0,10,1|1
2026-07-28,Travis Hunter,JAX - WR,1,1.0,8,1|1
2026-07-28,Jalen McMillan,TB - WR,1,1.0,2,1|1
2026-07-28,Dylan Sampson,CLE - RB,1,1.0,2,1|1
2026-07-28,Brenton Strange,JAX - TE,1,1.0,54,1|1
2026-07-28,Oronde Gadsden,LAC - TE,1,1.0,67,1|1
2026-07-28,Omar Cooper Jr.,NYJ - WR,1,1.0,2,1|1
2026-07-28,Juwan Johnson,NO - TE,1,1.0,22,1|1
2026-07-28,Mike Washington Jr.,LV - RB,1,1.0,3,1|1
2026-07-28,Denzel Boston,CLE - WR,1,1.0,4,1|1
2026-07-28,Jauan Jennings,MIN - WR,1,1.0,3,1|1
2026-07-28,Emmett Johnson,KC - RB,1,1.0,2,1|1
2026-07-28,Nicholas Singleton,TEN - RB,1,1.0,2,1|1
2026-07-28,Deebo Samuel,WAS - WR,1,1.0,4,1|1
2026-07-28,Isaac TeSlaa,DET - WR,1,1.0,2,1|1
