key,name,position,games,total,ppg,w3yr,kmeans_tier,vor,dollars,manual_tier
p00-0034857,Josh Allen,QB,3,95.4,31.81,235.8,1,234.6,30,
p00-0037834,Brock Purdy,QB,3,81.9,27.29,149.2,2,157.6,30,
p00-0040743,Tyler Shough,QB,3,72.4,24.13,108.2,3,103.9,24,
p00-0039150,Bryce Young,QB,3,71.2,23.72,145.3,3,97.0,24,
p00-0039918,Caleb Williams,QB,2,46.0,22.99,173.0,3,84.6,22,
p00-0033873,Patrick Mahomes,QB,3,68.6,22.86,180.6,3,82.4,22,
p00-0033106,Jared Goff,QB,3,65.6,21.86,190.1,3,65.4,19,
p00-0033077,Dak Prescott,QB,3,62.1,20.7,157.7,3,45.7,17,
p00-0034796,Lamar Jackson,QB,3,61.2,20.4,176.0,3,40.6,16,
p00-0029604,Kirk Cousins,QB,3,59.2,19.75,97.9,4,29.5,6,
p00-0036389,Jalen Hurts,QB,3,56.5,18.83,184.0,4,13.9,4,
p00-0026498,Matthew Stafford,QB,3,56.0,18.66,184.5,4,11.0,4,
p00-0036971,Trevor Lawrence,QB,3,54.0,18.01,167.4,4,0.0,2,
p00-0036442,Joe Burrow,QB,3,53.9,17.97,137.1,4,-0.7,2,
p00-0036264,Jordan Love,QB,3,53.8,17.92,145.7,4,-1.6,2,
p00-0033537,Deshaun Watson,QB,3,53.0,17.66,59.2,4,-6.0,2,
p00-0035704,Drew Lock,QB,2,34.2,17.09,31.0,5,-15.7,1,
p00-0033119,Jacoby Brissett,QB,3,49.6,16.53,110.0,5,-25.3,1,
p00-0030565,Geno Smith,QB,3,48.9,16.31,134.3,5,-29.0,1,
p00-0039910,Jayden Daniels,QB,2,32.4,16.2,114.4,5,-30.8,1,
p00-0034869,Sam Darnold,QB,2,30.2,15.09,150.2,5,-49.7,1,
p00-0039163,C.J. Stroud,QB,3,45.2,15.05,133.5,5,-50.3,1,
p00-0032268,Marcus Mariota,QB,2,29.2,14.58,65.7,5,-58.4,1,
p00-0039732,Bo Nix,QB,3,42.7,14.23,178.7,5,-64.3,1,
p00-0040676,Cam Ward,QB,3,42.2,14.05,102.8,5,-67.3,1,
p00-0023459,Aaron Rodgers,QB,3,41.2,13.73,141.7,5,-72.8,1,
p00-0038128,Malik Willis,QB,3,41.2,13.73,46.3,5,-72.9,1,
p00-0040691,Jaxson Dart,QB,2,27.4,13.7,114.3,6,-73.3,1,
p00-0036355,Justin Herbert,QB,3,37.9,12.63,165.3,6,-91.6,1,
p00-0034855,Baker Mayfield,QB,3,37.1,12.37,174.8,6,-96.0,1,
p00-0032950,Carson Wentz,QB,2,23.5,11.77,37.0,6,-106.1,1,
p00-0035710,Daniel Jones,QB,3,31.3,10.45,116.9,6,-128.6,1,
p00-0039851,Drake Maye,QB,3,27.6,9.2,162.8,6,-149.8,1,
p00-0035228,Kyler Murray,QB,2,12.0,6.02,84.0,6,-203.9,1,
p00-0031503,Jameis Winston,QB,2,9.7,4.83,42.3,6,-224.1,1,
p00-0033662,Cooper Rush,QB,2,9.2,4.58,25.2,6,-228.4,1,
p00-0038102,Kenny Pickett,QB,2,2.0,1.0,8.6,6,-289.2,1,
p00-0039139,Jahmyr Gibbs,RB,3,89.3,29.77,210.3,1,361.5,98,
p00-0038134,Kenneth Walker III,RB,3,73.7,24.57,122.0,2,273.1,74,
p00-0032764,Derrick Henry,RB,3,72.4,24.13,181.4,2,265.8,73,
p00-0038542,Bijan Robinson,RB,3,71.2,23.73,196.9,2,259.0,72,
p00-0036223,Jonathan Taylor,RB,3,59.0,19.67,181.2,3,189.8,52,
p00-0036275,D'Andre Swift,RB,3,52.1,17.37,128.5,4,150.7,39,
p00-0033280,Christian McCaffrey,RB,3,51.5,17.17,154.3,4,147.3,39,
p00-0040122,Ashton Jeanty,RB,3,48.8,16.27,116.3,4,132.0,37,
p00-0036555,Chuba Hubbard,RB,3,48.6,16.2,97.5,4,130.9,36,
p00-0037248,James Cook,RB,3,48.2,16.07,161.1,4,128.6,36,
p00-0037840,Kyren Williams,RB,3,47.5,15.83,148.0,4,124.7,36,
p00-0036997,Javonte Williams,RB,3,45.5,15.17,119.8,4,113.3,34,
p00-0040719,Bhayshul Tuten,RB,3,38.5,12.83,56.5,5,73.7,19,
p00-0038120,Breece Hall,RB,3,37.5,12.5,116.7,5,68.0,18,
p00-0041027,Jeremiyah Love,RB,3,37.4,12.47,37.4,5,67.4,18,
p00-0035685,David Montgomery,RB,3,36.6,12.2,103.2,5,62.9,18,
p00-0037228,Jaylen Warren,RB,3,35.6,11.87,101.0,5,57.2,17,
p00-0039361,Bucky Irving,RB,3,34.6,11.53,95.3,5,51.6,16,
p00-0038597,Chase Brown,RB,3,33.9,11.3,136.7,5,47.6,16,
p00-0040715,Cam Skattebo,RB,3,33.1,11.03,65.3,6,43.1,9,
p00-0033293,Aaron Jones,RB,3,32.2,10.73,87.0,6,38.0,9,
p00-0040666,Omarion Hampton,RB,3,30.4,10.13,66.1,6,27.8,7,
p00-0040236,Kyle Monangai,RB,3,29.3,9.77,71.1,6,21.5,6,
p00-0037256,Rachaad White,RB,3,25.6,8.53,82.8,6,0.6,4,
p00-0040734,TreVeyon Henderson,RB,2,17.0,8.5,85.7,6,0.0,4,
p00-0036973,Travis Etienne,RB,3,23.4,7.8,108.8,6,-11.9,4,
p00-0035261,Tony Pollard,RB,3,22.5,7.5,97.4,7,-17.0,1,
p00-0040242,Jacory Croskey-Merritt,RB,3,22.2,7.4,67.6,7,-18.7,1,
p00-0040784,Quinshon Judkins,RB,3,22.2,7.4,75.2,7,-18.7,1,
p00-0037746,Brian Robinson,RB,3,21.8,7.27,55.4,7,-21.0,1,
p00-0039040,De'Von Achane,RB,3,21.1,7.03,150.5,7,-24.9,1,
p00-0040730,RJ Harvey,RB,2,13.8,6.9,81.5,7,-27.2,1,
p00-0040198,Ollie Gordon II,RB,2,13.7,6.85,28.5,7,-28.0,1,
p00-0036875,Rhamondre Stevenson,RB,3,20.4,6.8,89.0,7,-28.9,1,
p00-0041496,Jonah Coleman,RB,2,13.3,6.65,13.3,7,-31.4,1,
p00-0034844,Saquon Barkley,RB,3,19.5,6.5,135.8,7,-34.0,1,
p00-0040583,Woody Marks,RB,3,19.1,6.37,64.7,7,-36.3,1,
p00-0035250,Devin Singletary,RB,2,12.7,6.35,53.3,7,-36.5,1,
p00-0038551,Kendre Miller,RB,2,11.9,5.95,20.7,7,-43.3,1,
p00-0039738,Blake Corum,RB,3,17.6,5.87,53.2,7,-44.8,1,
p00-0038454,Keaton Mitchell,RB,3,17.5,5.83,26.8,7,-45.3,1,
p00-0040878,Mike Washington Jr.,RB,3,16.2,5.4,16.2,7,-52.7,1,
p00-0039794,Braelon Allen,RB,3,15.2,5.07,25.0,7,-58.4,1,
p00-0029892,Kyle Juszczyk,RB,2,9.7,4.85,27.9,7,-62.1,1,
p00-0039811,MarShawn Lloyd,RB,3,14.1,4.7,11.1,7,-64.6,1,
p00-0041013,Emmett Johnson,RB,3,14.0,4.67,14.0,7,-65.2,1,
p00-0033906,Alvin Kamara,RB,2,9.3,4.65,71.3,7,-65.4,1,
p00-0037263,Tyler Allgeier,RB,3,13.8,4.6,61.8,7,-66.3,1,
p00-0038611,Chris Rodriguez Jr.,RB,3,13.3,4.43,42.0,7,-69.1,1,
p00-0039299,George Holani,RB,3,13.2,4.4,11.4,7,-69.7,1,
p00-0036158,J.K. Dobbins,RB,3,13.0,4.33,72.6,7,-70.8,1,
p00-0040466,Raheim Sanders,RB,3,12.8,4.27,15.2,7,-72.0,1,
p00-0036139,Rico Dowdle,RB,2,8.5,4.25,99.6,7,-72.2,1,
p00-0039344,Jonathon Brooks,RB,2,8.3,4.15,7.7,7,-73.9,1,
p00-0041512,Jadarian Price,RB,3,12.0,4.0,12.0,7,-76.5,1,
p00-0039032,Tyjae Spears,RB,3,11.9,3.97,52.1,7,-77.1,1,
p00-0041052,Kaelon Black,RB,3,11.7,3.9,11.7,7,-78.2,1,
p00-0033526,Samaje Perine,RB,3,11.1,3.7,39.9,7,-81.6,1,
p00-0038797,Emanuel Wilson,RB,3,10.9,3.63,48.9,7,-82.7,1,
p00-0038555,Tank Bigsby,RB,3,10.1,3.37,43.4,7,-87.3,1,
p00-0034975,Justice Hill,RB,3,9.4,3.13,40.6,7,-91.2,1,
p00-0039364,Sione Vaki,RB,3,9.0,3.0,5.7,7,-93.5,1,
p00-0036893,Najee Harris,RB,2,5.8,2.9,37.4,8,-95.2,1,
p00-0037085,Tyler Badie,RB,2,5.8,2.9,12.9,8,-95.2,1,
p00-0038488,Brady Russell,RB,2,5.5,2.75,2.8,8,-97.8,1,
p00-0036919,Kenny Gainwell,RB,3,7.3,2.43,74.4,8,-103.1,1,
p00-0039746,Will Shipley,RB,3,7.2,2.4,10.9,8,-103.7,1,
p00-0038685,Chris Brooks,RB,3,6.9,2.3,18.3,8,-105.4,1,
p00-0041096,Kaytron Allen,RB,2,4.0,2.0,4.0,8,-110.5,1,
p00-0032104,Ameer Abdullah,RB,3,5.7,1.9,30.4,8,-112.2,1,
p00-0040142,Kaleb Johnson,RB,3,5.3,1.77,6.5,8,-114.5,1,
p00-0035125,Alec Ingold,RB,3,5.0,1.67,9.3,8,-116.2,1,
p00-0036265,AJ Dillon,RB,3,4.4,1.47,5.7,8,-119.6,1,
p00-0040556,Corey Kiner,RB,3,4.3,1.43,5.9,8,-120.1,1,
p00-0039391,Kimani Vidal,RB,2,2.5,1.25,42.9,8,-123.2,1,
p00-0041436,DJ Herman,RB,2,2.3,1.15,2.3,8,-125.0,1,
p00-0036425,DeeJay Dallas,RB,3,3.3,1.1,4.6,8,-125.8,1,
p00-0040238,LeQuint Allen Jr.,RB,2,1.9,0.95,9.1,8,-128.3,1,
p00-0035594,Travis Homer,RB,2,1.6,0.8,1.6,8,-130.9,1,
p00-0038705,Emari Demercado,RB,2,1.5,0.75,25.8,8,-131.8,1,
p00-0041125,Seth McGowan,RB,3,1.9,0.63,1.9,8,-133.7,1,
p00-0039874,Jaylen Wright,RB,2,1.0,0.5,19.9,8,-136.0,1,
p00-0041326,CJ Donaldson,RB,3,1.4,0.47,1.4,8,-136.6,1,
p00-0040078,Brashard Smith,RB,2,0.9,0.45,20.9,8,-136.8,1,
p00-0038738,Hunter Luepke,RB,2,0.8,0.4,14.0,8,-137.7,1,
p00-0041104,Demond Claiborne,RB,2,0.8,0.4,0.8,8,-137.7,1,
p00-0036727,Adam Prentice,RB,2,0.7,0.35,4.6,8,-138.6,1,
p00-0039875,Ray Davis,RB,2,0.3,0.15,35.8,8,-141.9,1,
p00-0037304,Connor Heyward,RB,3,0.2,0.07,10.9,8,-143.4,1,
p00-0037594,Julius Chestnut,RB,2,0.0,0.0,3.4,8,-144.5,1,
p00-0038489,Ben VanSumeren,RB,2,0.0,0.0,0.1,8,-144.5,1,
p00-0038896,Jacob Saylors,RB,3,0.0,0.0,0.4,8,-144.5,1,
p00-0039384,Tyrone Tracy Jr.,RB,3,-0.3,0.0,74.7,8,-144.5,1,
p00-0039407,Dylan Laube,RB,3,0.0,0.0,1.1,8,-144.5,1,
p00-0039796,Rasheen Ali,RB,3,0.0,0.0,7.1,8,-144.5,1,
p00-0039798,Isaiah Davis,RB,2,0.0,0.0,26.5,8,-144.5,1,
p00-0040208,Tahj Brooks,RB,2,0.0,0.0,2.4,8,-144.5,1,
p00-0041490,Eli Heidenreich,RB,2,0.0,0.0,0.0,8,-144.5,1,
p00-0038543,Jaxon Smith-Njigba,WR,3,90.6,30.19,179.2,1,368.1,100,
p00-0036963,Amon-Ra St. Brown,WR,3,64.3,21.43,163.8,2,219.3,56,
p00-0038124,Christian Watson,WR,3,60.9,20.3,83.5,2,200.0,53,
p00-0036358,CeeDee Lamb,WR,3,58.9,19.63,119.1,2,188.7,52,
p00-0037239,Chris Olave,WR,3,57.0,19.0,111.6,2,177.9,50,
p00-0031381,Davante Adams,WR,3,56.8,18.93,125.5,2,176.8,50,
p00-0039064,Zay Flowers,WR,2,36.4,18.2,113.7,2,164.3,48,
p00-0037740,Garrett Wilson,WR,3,46.8,15.6,83.8,3,120.1,30,
p00-0036900,Ja'Marr Chase,WR,3,45.5,15.17,163.0,3,112.8,28,
p00-0039491,Jalen Coker,WR,3,43.2,14.4,58.3,3,99.7,27,
p00-0038606,Parker Washington,WR,3,41.6,13.87,80.9,3,90.7,26,
p00-0036912,DeVonta Smith,WR,3,39.0,13.0,101.5,3,75.9,24,
p00-0040667,Matthew Golden,WR,3,38.8,12.93,45.5,3,74.8,23,
p00-0031588,Stefon Diggs,WR,3,38.0,12.67,91.3,3,70.3,23,
p00-0036410,Tee Higgins,WR,3,37.4,12.47,109.7,4,66.9,18,
p00-0032464,Kalif Raymond,WR,3,36.9,12.3,41.7,4,64.0,17,
p00-0036322,Justin Jefferson,WR,3,36.4,12.13,115.7,4,61.2,17,
p00-0041037,Denzel Boston,WR,3,36.0,12.0,36.0,4,58.9,16,
p00-0035719,Deebo Samuel Sr.,WR,3,35.4,11.8,90.1,4,55.5,16,
p00-0037238,Drake London,WR,3,35.3,11.77,111.4,4,55.0,16,
p00-0031408,Mike Evans,WR,3,31.7,10.57,73.0,4,34.6,13,
p00-0039067,Rashee Rice,WR,3,31.5,10.5,65.1,5,33.4,10,
p00-0038559,Michael Wilson,WR,3,31.3,10.43,93.0,5,32.3,9,
p00-0036988,Josh Palmer,WR,2,20.7,10.35,38.1,5,30.9,9,
p00-0039424,Devaughn Vele,WR,3,30.7,10.23,47.6,5,28.9,9,
p00-0034960,Jakobi Meyers,WR,3,30.4,10.13,90.0,5,27.2,9,
p00-0038563,Tre Tucker,WR,3,30.4,10.13,77.2,5,27.2,9,
p00-0039915,Ladd McConkey,WR,3,30.3,10.1,97.4,5,26.6,9,
p00-0038393,Dontayvion Wicks,WR,3,28.4,9.47,49.6,6,15.9,4,
p00-0034827,DJ Moore,WR,3,28.1,9.37,94.3,6,14.2,4,
p00-0040735,Luther Burden III,WR,3,28.0,9.33,58.6,6,13.6,4,
p00-0040129,Emeka Egbuka,WR,3,26.3,8.77,80.7,6,4.0,2,
p00-0038997,Josh Downs,WR,3,25.6,8.53,73.9,6,0.0,2,
p00-0032775,Demarcus Robinson,WR,2,16.9,8.45,41.5,6,-1.4,2,
p00-0039890,Adonai Mitchell,WR,2,16.8,8.4,39.2,6,-2.3,2,
p00-0035659,Terry McLaurin,WR,3,25.1,8.37,82.1,7,-2.8,1,
p00-0038824,Ryan Miller,WR,2,16.7,8.35,16.9,7,-3.1,1,
p00-0040124,Tetairoa McMillan,WR,3,23.3,7.77,85.3,7,-13.0,1,
p00-0036550,Rashod Bateman,WR,3,23.0,7.67,51.5,7,-14.7,1,
p00-0037247,George Pickens,WR,3,23.0,7.67,115.1,7,-14.7,1,
p00-0038117,Wan'Dale Robinson,WR,3,22.9,7.63,91.5,7,-15.3,1,
p00-0039739,Roman Wilson,WR,3,22.9,7.63,26.8,7,-15.3,1,
p00-0030279,Keenan Allen,WR,3,22.5,7.5,83.7,7,-17.6,1,
p00-0035891,Cody White,WR,3,22.3,7.43,17.6,7,-18.7,1,
p00-0041523,Caleb Douglas,WR,2,14.8,7.4,14.8,7,-19.3,1,
p00-0036613,Jaylen Waddle,WR,3,21.9,7.3,84.4,7,-21.0,1,
p00-0033555,Mack Hollins,WR,3,21.6,7.2,54.8,7,-22.7,1,
p00-0035640,DK Metcalf,WR,3,21.3,7.1,89.6,7,-24.4,1,
p00-0041040,Antonio Williams,WR,3,20.8,6.93,20.8,7,-27.2,1,
p00-0038994,Jordan Addison,WR,3,20.6,6.87,78.5,7,-28.3,1,
p00-0033908,Cooper Kupp,WR,3,20.1,6.7,64.2,7,-31.2,1,
p00-0039880,Malik Washington,WR,3,20.1,6.7,46.6,7,-31.2,1,
p00-0040729,Jack Bech,WR,2,13.3,6.65,20.9,7,-32.0,1,
p00-0040727,Tre Harris,WR,3,19.9,6.63,33.7,7,-32.3,1,
p00-0041048,Ted Hurst III,WR,3,19.3,6.43,19.3,7,-35.7,1,
p00-0040134,Pat Bryant,WR,3,19.2,6.4,35.2,7,-36.3,1,
p00-0040590,Konata Mumpfield,WR,3,19.0,6.33,19.5,7,-37.4,1,
p00-0041438,Carnell Tate,WR,3,18.8,6.27,18.8,7,-38.5,1,
p00-0039919,Rome Odunze,WR,3,17.9,5.97,70.0,7,-43.6,1,
p00-0037240,Jameson Williams,WR,3,17.7,5.9,101.9,7,-44.8,1,
p00-0033921,Chris Godwin Jr.,WR,3,17.6,5.87,49.1,7,-45.3,1,
p00-0037816,Romeo Doubs,WR,3,17.5,5.83,71.9,7,-45.9,1,
p00-0039894,Xavier Worthy,WR,3,17.3,5.77,64.6,7,-47.0,1,
p00-0040170,Elic Ayomanor,WR,3,17.1,5.7,48.7,7,-48.2,1,
p00-0038618,Xavier Hutchinson,WR,3,16.9,5.63,38.2,7,-49.3,1,
p00-0033307,Kendrick Bourne,WR,3,16.8,5.6,41.5,7,-49.9,1,
p00-0041100,Josh Cameron,WR,3,16.7,5.57,16.7,7,-50.4,1,
p00-0039337,Malik Nabers,WR,3,15.6,5.2,60.0,7,-56.7,1,
p00-0036252,Michael Pittman,WR,2,9.9,4.95,80.3,7,-60.9,1,
p00-0040138,Jaylin Noel,WR,3,14.7,4.9,31.0,7,-61.8,1,
p00-0037664,Alec Pierce,WR,2,9.7,4.85,81.9,7,-62.6,1,
p00-0036862,Ben Skowronek,WR,2,9.5,4.75,11.3,7,-64.3,1,
p00-0039901,Keon Coleman,WR,3,14.1,4.7,50.0,7,-65.2,1,
p00-0032398,Chris Moore,WR,3,13.8,4.6,21.5,7,-66.9,1,
p00-0038104,Tyquan Thornton,WR,3,13.8,4.6,31.8,7,-66.9,1,
p00-0036309,Darnell Mooney,WR,3,13.4,4.47,55.7,7,-69.1,1,
p00-0037261,Khalil Shakir,WR,3,13.4,4.47,74.2,7,-69.1,1,
p00-0037614,John Metchie III,WR,2,8.9,4.45,30.2,7,-69.4,1,
p00-0041547,KC Concepcion,WR,3,12.9,4.3,12.9,7,-72.0,1,
p00-0037742,Treylon Burks,WR,2,8.3,4.15,13.1,7,-74.5,1,
p00-0039893,Brian Thomas Jr.,WR,3,12.3,4.1,83.8,7,-75.4,1,
p00-0034348,Courtland Sutton,WR,3,12.2,4.07,99.6,7,-75.9,1,
p00-0040669,Isaac TeSlaa,WR,3,11.7,3.9,34.2,7,-78.8,1,
p00-0041525,Chris Bell,WR,3,11.7,3.9,11.7,7,-78.8,1,
p00-0039451,Isaiah Williams,WR,3,11.6,3.87,18.0,7,-79.3,1,
p00-0039410,Ryan Flournoy,WR,3,11.2,3.73,39.1,7,-81.6,1,
p00-0039342,Xavier Legette,WR,2,7.4,3.7,44.4,7,-82.2,1,
p00-0041489,Germie Bernard,WR,2,7.4,3.7,7.4,7,-82.2,1,
p00-0038608,Kayshon Boutte,WR,3,10.9,3.63,57.7,7,-83.3,1,
p00-0041042,Malachi Fields,WR,3,10.4,3.47,10.4,7,-86.1,1,
p00-0038840,Brycen Tremayne,WR,3,10.3,3.43,12.9,7,-86.7,1,
p00-0038621,DeMario Douglas,WR,3,10.2,3.4,51.0,7,-87.3,1,
p00-0032951,Laquon Treadwell,WR,3,10.1,3.37,6.1,7,-87.8,1,
p00-0038544,Quentin Johnston,WR,3,10.1,3.37,78.1,8,-87.8,1,
p00-0037801,KaVontae Turpin,WR,3,9.7,3.23,41.5,8,-90.1,1,
p00-0040024,Darius Cooper,WR,3,9.6,3.2,11.2,8,-90.7,1,
p00-0039849,Marvin Harrison Jr.,WR,3,9.3,3.1,67.3,8,-92.4,1,
p00-0040646,Jalen Royals,WR,3,9.2,3.07,6.1,8,-92.9,1,
p00-0037545,Rashid Shaheed,WR,3,8.7,2.9,53.7,8,-95.8,1,
p00-0038728,Jared Wayne,WR,3,8.5,2.83,6.3,8,-96.9,1,
p00-0039792,Devontez Walker,WR,2,5.2,2.6,15.6,8,-100.9,1,
p00-0037291,Jalen Nailor,WR,3,7.7,2.57,47.1,8,-101.4,1,
p00-0040785,Dohnte Meyers,WR,3,7.7,2.57,7.7,8,-101.4,1,
p00-0041067,Bryce Lance,WR,3,7.0,2.33,7.0,8,-105.4,1,
p00-0040867,Makai Lemon,WR,3,6.8,2.27,6.8,8,-106.5,1,
p00-0034837,Calvin Ridley,WR,2,4.5,2.25,43.1,8,-106.8,1,
p00-0039146,Jayden Reed,WR,2,4.4,2.2,43.4,8,-107.7,1,
p00-0039868,Troy Franklin,WR,3,6.3,2.1,58.2,8,-109.4,1,
p00-0040237,Tez Johnson,WR,3,6.3,2.1,35.1,8,-109.4,1,
p00-0038090,Skyy Moore,WR,3,6.2,2.07,7.2,8,-109.9,1,
p00-0037741,Jahan Dotson,WR,3,6.1,2.03,22.2,8,-110.5,1,
p00-0040948,J. Michael Sturdivant,WR,2,3.7,1.85,3.7,8,-113.6,1,
p00-0036407,Jerry Jeudy,WR,2,3.6,1.8,65.7,8,-114.5,1,
p00-0040131,Kyle Williams,WR,3,5.4,1.8,20.9,8,-114.5,1,
p00-0038619,Andrei Iosivas,WR,2,3.4,1.7,43.1,8,-116.2,1,
p00-0040075,LaJohntay Wester,WR,3,4.4,1.47,2.6,8,-120.1,1,
p00-0035208,Olamide Zaccheaus,WR,3,3.7,1.23,38.9,8,-124.1,1,
p00-0041044,Zachariah Branch,WR,3,3.6,1.2,3.6,8,-124.7,1,
p00-0040164,Jaylin Lane,WR,3,3.5,1.17,14.6,8,-125.2,1,
p00-0037093,Dareke Young,WR,3,3.2,1.07,3.5,8,-126.9,1,
p00-0041069,Colbie Young,WR,2,1.9,0.95,1.9,8,-128.9,1,
p00-0040563,Efton Chism III,WR,2,1.5,0.77,6.9,8,-132.0,1,
p00-0034854,KhaDarel Hodge,WR,3,2.3,0.77,6.5,8,-132.0,1,
p00-0036626,Dyami Brown,WR,3,2.1,0.7,23.0,8,-133.2,1,
p00-0040705,Chimere Dike,WR,3,2.0,0.67,38.0,8,-133.7,1,
p00-0040718,Travis Hunter,WR,3,1.6,0.53,20.9,8,-136.0,1,
p00-0037091,Bo Melton,WR,3,1.5,0.5,11.2,8,-136.6,1,
p00-0041529,Kevin Coleman Jr.,WR,2,0.8,0.4,0.8,8,-138.3,1,
p00-0036463,Chris Blair,WR,3,1.1,0.37,0.9,8,-138.8,1,
p00-0036259,Jauan Jennings,WR,2,0.6,0.3,76.9,8,-140.0,1,
p00-0041051,Zavion Thomas,WR,2,0.6,0.3,0.6,8,-140.0,1,
p00-0041099,Barion Brown,WR,2,0.3,0.15,0.3,8,-142.5,1,
p00-0040894,Malik Benson,WR,3,0.3,0.1,0.3,8,-143.4,1,
p00-0034419,Braxton Berrios,WR,3,0.0,0.0,2.2,8,-145.1,1,
p00-0035500,Greg Dortch,WR,3,0.0,0.0,32.2,8,-145.1,1,
p00-0035544,Tom Kennedy,WR,3,0.0,0.0,1.9,8,-145.1,1,
p00-0036331,Devin Duvernay,WR,3,0.0,0.0,3.5,8,-145.1,1,
p00-0036646,Simi Fehoko,WR,2,0.0,0.0,2.3,8,-145.1,1,
p00-0037132,Britain Covey,WR,3,0.0,0.0,2.1,8,-145.1,1,
p00-0037524,Tay Martin,WR,2,0.0,0.0,3.0,8,-145.1,1,
p00-0038359,Xavier Smith,WR,3,0.0,0.0,14.0,8,-145.1,1,
p00-0038519,Nikko Remigio,WR,3,0.0,0.0,2.2,8,-145.1,1,
p00-0038573,Derius Davis,WR,3,0.0,0.0,6.4,8,-145.1,1,
p00-0038640,Jalen Brooks,WR,2,0.0,0.0,7.1,8,-145.1,1,
p00-0039365,Jacob Cowing,WR,3,0.0,0.0,2.7,8,-145.1,1,
p00-0039589,Kameron Johnson,WR,3,0.0,0.0,5.4,8,-145.1,1,
p00-0039816,Anthony Gould,WR,2,0.0,0.0,1.0,8,-145.1,1,
p00-0039920,Malachi Corley,WR,3,0.0,0.0,9.3,8,-145.1,1,
p00-0040506,Myles Price,WR,3,0.0,0.0,0.0,8,-145.1,1,
p00-0040582,Arian Smith,WR,2,0.0,0.0,4.0,8,-145.1,1,
p00-0041397,Kaden Wetjen,WR,3,0.0,0.0,0.0,8,-145.1,1,
p00-0037744,Trey McBride,TE,3,46.1,15.37,138.7,1,121.8,34,
p00-0030506,Travis Kelce,TE,3,42.1,14.03,96.6,2,99.2,27,
p00-0033288,George Kittle,TE,3,41.4,13.8,98.0,2,95.2,27,
p00-0034829,Mike Gesicki,TE,2,27.5,13.75,50.8,2,94.4,26,
p00-0036040,Juwan Johnson,TE,3,40.8,13.6,83.8,2,91.8,26,
p00-0038933,Dalton Kincaid,TE,3,37.3,12.43,67.3,3,72.0,20,
p00-0034351,Dallas Goedert,TE,2,22.6,11.3,76.8,4,52.7,13,
p00-0041032,Kenyon Sadiq,TE,3,32.6,10.87,32.6,4,45.3,12,
p00-0037838,Isaiah Likely,TE,3,31.9,10.63,49.1,4,41.4,12,
p00-0040663,Harold Fannin Jr.,TE,3,31.6,10.53,79.1,4,39.7,11,
p00-0040128,Tyler Warren,TE,3,30.4,10.13,78.4,4,32.9,10,
p00-0034383,Dalton Schultz,TE,3,30.0,10.0,75.9,4,30.6,10,
p00-0035644,Noah Fant,TE,3,28.6,9.53,46.9,4,22.7,9,
p00-0031610,Darren Waller,TE,3,28.2,9.4,47.6,5,20.4,4,
p00-0038041,Jake Ferguson,TE,3,27.7,9.23,74.7,5,17.6,4,
p00-0039065,Sam LaPorta,TE,3,27.4,9.13,66.8,5,15.9,3,
p00-0033110,Tyler Higbee,TE,2,16.4,8.2,31.5,5,0.0,1,
p00-0036894,Pat Freiermuth,TE,3,22.6,7.53,65.3,5,-11.3,1,
p00-0039066,Michael Mayer,TE,3,20.7,6.9,33.5,5,-22.1,1,
p00-0039793,AJ Barner,TE,3,19.1,6.37,60.6,5,-31.2,1,
p00-0034753,Mark Andrews,TE,3,18.7,6.23,71.9,5,-33.4,1,
p00-0038783,Nate Adkins,TE,3,18.6,6.2,20.0,5,-34.0,1,
p00-0035229,T.J. Hockenson,TE,3,18.1,6.03,49.1,5,-36.8,1,
p00-0038129,Cade Otton,TE,3,17.5,5.83,58.2,5,-40.2,1,
p00-0038935,Brenton Strange,TE,3,16.7,5.57,51.9,5,-44.8,1,
p00-0040879,Matthew Hibner,TE,2,11.1,5.55,11.1,5,-45.0,1,
p00-0032392,Austin Hooper,TE,2,11.1,5.55,36.2,5,-45.0,1,
p00-0040737,Terrance Ferguson,TE,3,15.8,5.27,28.1,5,-49.9,1,
p00-0041395,Eli Raridon,TE,2,10.2,5.1,10.2,5,-52.7,1,
p00-0038710,Blake Whiteheart,TE,2,10.1,5.05,7.9,5,-53.5,1,
p00-0038996,Tucker Kraft,TE,3,15.1,5.03,64.0,5,-53.8,1,
p00-0037805,Jeremy Ruckert,TE,3,14.8,4.93,22.5,5,-55.5,1,
p00-0034981,Foster Moreau,TE,3,14.6,4.87,25.0,5,-56.7,1,
p00-0033885,David Njoku,TE,2,9.7,4.85,46.9,5,-56.9,1,
p00-0033881,Evan Engram,TE,3,14.5,4.83,43.9,5,-57.2,1,
p00-0037252,Greg Dulcich,TE,3,13.5,4.5,24.2,5,-62.9,1,
p00-0040189,Oronde Gadsden II,TE,3,13.0,4.33,50.6,5,-65.7,1,
p00-0033858,Jonnu Smith,TE,2,8.6,4.3,56.1,5,-66.3,1,
p00-0038558,Darnell Washington,TE,3,12.2,4.07,30.6,5,-70.3,1,
p00-0033090,Hunter Henry,TE,3,10.6,3.53,73.6,5,-79.3,1,
p00-0036290,Cole Kmet,TE,3,10.5,3.5,41.6,5,-79.9,1,
p00-0037005,Tommy Tremble,TE,3,10.5,3.5,29.5,5,-79.9,1,
p00-0035689,Dawson Knox,TE,3,9.7,3.23,40.8,5,-84.4,1,
p00-0040584,Gunnar Helm,TE,3,9.5,3.17,33.6,5,-85.6,1,
p00-0040187,Mitchell Evans,TE,3,8.3,2.77,20.5,5,-92.4,1,
p00-0033576,Eric Saubert,TE,3,7.3,2.43,8.9,5,-98.0,1,
p00-0036637,Noah Gray,TE,3,6.4,2.13,28.2,5,-103.1,1,
p00-0035249,Josh Oliver,TE,3,6.1,2.03,28.0,6,-104.8,1,
p00-0039074,Davis Allen,TE,3,5.9,1.97,21.0,6,-106.0,1,
p00-0040126,Colston Loveland,TE,3,5.9,1.97,58.0,6,-106.0,1,
p00-0035631,Drew Sample,TE,2,3.9,1.95,14.5,6,-106.2,1,
p00-0036628,John Bates,TE,2,3.7,1.85,10.9,6,-107.9,1,
p00-0038046,Charlie Kolar,TE,2,3.6,1.8,16.2,6,-108.8,1,
p00-0039041,Elijah Higgins,TE,2,3.5,1.75,22.7,6,-109.6,1,
p00-0041558,Sam Roush,TE,2,3.5,1.75,3.5,6,-109.6,1,
p00-0039530,Brevyn Spann-Ford,TE,3,4.8,1.6,11.1,6,-112.2,1,
p00-0034613,Tanner Hudson,TE,2,3.2,1.6,19.2,6,-112.2,1,
p00-0038547,Luke Schoonmaker,TE,2,3.1,1.55,15.6,6,-113.0,1,
p00-0033246,Johnny Mundt,TE,2,2.7,1.35,12.5,6,-116.4,1,
p00-0038115,Daniel Bellinger,TE,3,3.8,1.27,21.9,6,-117.9,1,
p00-0036244,Colby Parkinson,TE,3,3.6,1.2,46.3,6,-119.0,1,
p00-0036970,Kyle Pitts,TE,3,3.0,1.0,75.0,6,-122.4,1,
p00-0036887,Luke Farrell,TE,3,2.9,0.97,11.6,6,-123.0,1,
p00-0036754,Brock Wright,TE,3,2.7,0.9,16.0,6,-124.1,1,
p00-0039686,Colson Yankoff,TE,3,2.6,0.87,2.2,6,-124.7,1,
p00-0039847,Theo Johnson,TE,2,1.4,0.7,44.7,6,-127.5,1,
p00-0040081,Jake Briningstool,TE,2,1.4,0.7,1.4,6,-127.5,1,
p00-0041503,Nate Boerkircher,TE,2,1.4,0.7,1.4,6,-127.5,1,
p00-0036590,Quintin Morris,TE,2,1.2,0.6,7.5,6,-129.2,1,
p00-0039912,Ben Sinnott,TE,2,1.1,0.55,10.1,6,-130.0,1,
p00-0034798,Durham Smythe,TE,2,0.9,0.45,3.6,6,-131.7,1,
p00-0037004,Hunter Long,TE,3,1.0,0.33,10.9,6,-133.7,1,
p00-0041524,Will Kacmarek,TE,3,0.9,0.3,0.9,6,-134.3,1,
p00-0036825,Feleipe Franks,TE,3,0.0,0.0,0.4,6,-139.4,1,
p00-0037292,Andrew Ogletree,TE,2,0.0,0.0,7.1,6,-139.4,1,
p00-0037317,Nick Muse,TE,2,0.0,0.0,0.0,6,-139.4,1,
p00-0038564,Cameron Latu,TE,2,0.0,0.0,0.0,6,-139.4,1,
p00-0038643,Brayden Willis,TE,2,0.0,0.0,0.0,6,-139.4,1,
p00-0040363,Keleki Latu,TE,2,0.0,0.0,2.2,6,-139.4,1,
p00-0041094,Bauer Sharp,TE,2,0.0,0.0,0.0,6,-139.4,1,
p00-0041131,Carsen Ryan,TE,2,0.0,0.0,0.0,6,-139.4,1,
p00-0036854,Evan McPherson,K,3,41.0,13.67,79.5,1,90.7,25,
p00-0035358,Chase McLaughlin,K,3,38.0,12.67,94.8,2,73.7,21,
p00-0039576,Spencer Shrader,K,3,38.0,12.67,40.3,2,73.7,21,
p00-0039404,Will Reichard,K,3,33.0,11.0,88.8,3,45.3,11,
p00-0040279,Ryan Fitzgerald,K,3,32.0,10.67,61.2,3,39.7,10,
p00-0040074,Tyler Loop,K,3,31.0,10.33,72.2,3,34.0,9,
p00-0035269,Matt Gay,K,3,29.0,9.67,65.2,3,22.7,8,
p00-0038567,Chad Ryland,K,3,29.0,9.67,76.0,3,22.7,8,
p00-0033303,Harrison Butker,K,3,28.0,9.33,75.7,3,17.0,7,
p00-0037692,Brandon Aubrey,K,3,27.0,9.0,105.4,3,11.3,6,
p00-0031136,Chris Boswell,K,3,26.0,8.67,92.0,4,5.7,2,
p00-0031203,Cairo Santos,K,3,26.0,8.67,73.5,4,5.7,2,
p00-0034794,Jason Sanders,K,3,25.0,8.33,58.5,4,0.0,1,
p00-0038428,Andre Szmyt,K,3,25.0,8.33,58.2,4,0.0,1,
p00-0041182,Drew Stevens,K,3,25.0,8.33,25.0,4,0.0,1,
p00-0025565,Nick Folk,K,3,24.0,8.0,69.8,4,-5.7,1,
p00-0039409,Cam Little,K,3,24.0,8.0,85.3,4,-5.7,1,
p00-0034173,Eddy Pineiro,K,3,23.0,7.67,73.2,4,-11.3,1,
p00-0036162,Tyler Bass,K,3,23.0,7.67,52.5,4,-11.3,1,
p00-0031492,Jason Myers,K,3,22.0,7.33,99.3,4,-17.0,1,
p00-0040200,Andy Borregales,K,3,22.0,7.33,69.6,4,-17.0,1,
p00-0041145,Dominic Zvada,K,3,22.0,7.33,22.0,5,-17.0,1,
p00-0039498,Harrison Mevis,K,3,21.0,7.0,44.2,5,-22.7,1,
p00-0040899,Trey Smack,K,3,21.0,7.0,21.0,5,-22.7,1,
p00-0032726,Ka'imi Fairbairn,K,3,20.0,6.67,99.3,5,-28.3,1,
p00-0034161,Daniel Carlson,K,3,20.0,6.67,65.5,5,-28.3,1,
p00-0039172,Jake Bates,K,3,20.0,6.67,85.0,5,-28.3,1,
p00-0036816,Riley Patterson,K,3,17.0,5.67,55.8,5,-45.3,1,
p00-0033787,Jake Elliott,K,3,15.0,5.0,67.2,5,-56.7,1,
p00-0032569,Wil Lutz,K,3,14.0,4.67,74.7,5,-62.3,1,
p00-0035192,Joey Slye,K,3,14.0,4.67,69.3,5,-62.3,1,
p00-0037224,Cameron Dicker,K,3,13.0,4.33,89.0,5,-68.0,1,
dMIN,MIN,DST,3,37.0,12.33,85.0,1,102.0,28,
dLV,LV,DST,3,34.0,11.33,50.5,2,85.0,24,
dJAX,JAX,DST,3,32.0,10.67,67.0,3,73.7,21,
dPIT,PIT,DST,3,32.0,10.67,67.3,3,73.7,21,
dSEA,SEA,DST,3,29.0,9.67,88.5,4,56.7,12,
dCAR,CAR,DST,3,26.0,8.67,44.5,4,39.7,10,
dNE,NE,DST,3,24.0,8.0,61.2,4,28.3,8,
dKC,KC,DST,3,23.0,7.67,54.7,4,22.7,7,
dCHI,CHI,DST,3,22.0,7.33,55.7,4,17.0,7,
dCIN,CIN,DST,3,20.0,6.67,36.8,4,5.7,5,
dSF,SF,DST,3,20.0,6.67,41.0,4,5.7,5,
dDEN,DEN,DST,3,19.0,6.33,83.8,5,0.0,1,
dLA,LA,DST,3,19.0,6.33,63.0,5,0.0,1,
dTB,TB,DST,3,18.0,6.0,50.7,5,-5.7,1,
dLAC,LAC,DST,3,17.0,5.67,67.5,5,-11.3,1,
dNYJ,NYJ,DST,3,17.0,5.67,30.0,5,-11.3,1,
dHOU,HOU,DST,3,14.0,4.67,79.0,5,-28.3,1,
dNYG,NYG,DST,3,14.0,4.67,32.2,5,-28.3,1,
dTEN,TEN,DST,3,14.0,4.67,37.3,5,-28.3,1,
dATL,ATL,DST,3,11.0,3.67,53.3,5,-45.3,1,
dBUF,BUF,DST,3,11.0,3.67,59.8,5,-45.3,1,
dBAL,BAL,DST,3,10.0,3.33,44.0,5,-51.0,1,
dCLE,CLE,DST,3,10.0,3.33,58.7,6,-51.0,1,
dWAS,WAS,DST,3,9.0,3.0,31.0,6,-56.7,1,
dNO,NO,DST,3,7.0,2.33,46.5,6,-68.0,1,
dARI,ARI,DST,3,6.0,2.0,28.8,6,-73.7,1,
dPHI,PHI,DST,3,5.0,1.67,66.3,6,-79.3,1,
dDET,DET,DST,3,4.0,1.33,48.7,6,-85.0,1,
dMIA,MIA,DST,3,3.0,1.0,37.5,6,-90.7,1,
dDAL,DAL,DST,3,2.0,0.67,22.0,6,-96.3,1,
dGB,GB,DST,3,1.0,0.33,50.5,6,-102.0,1,
dIND,IND,DST,3,-3.0,0.0,30.8,6,-107.7,1,
